"obs_id","obs_name","lat","lon","gov_agency","addr","etc_addr"
"10014010","평창군(월정분교)","37-42-34","128-35-57","환경부","강원특별자치도 평창군","진부면 내동산길 4 진부초등학교 월정분교(폐교)"
"10014020","정선군(정선군2청사)","37-23-03","128-40-25","환경부","강원특별자치도 정선군","정선읍 녹송4길 71 정선군 제2청사"
"10014070","상원사","37-45-43","128-34-46","환경부","강원도 평창군 진부면","동산 오대산장"
"10014080","강릉시(대기리)","37-35-10","128-46-39","환경부","강원특별자치도 강릉시","왕산면 대기리 922-1"
"10014090","정선군(고한읍사무소)","37-12-15","128-51-06","환경부","강원특별자치도 정선군","고한읍 고한2길 1 고한읍행정복지센터"
"10014100","삼척시(번천리)","37-21-57","128-59-50","환경부","강원특별자치도 삼척시","하장면 번천리 125-1"
"10014110","평창군(상진부리)","37-39-32","128-34-41","한국수자원공사","강원특별자치도 평창군","진부면 상진부리 42-4"
"10014120","평창군(수하리)","37-39-33","128-42-27","한국수자원공사","강원특별자치도 평창군","도암면 수하리 142-1"
"10014130","정선군(애산리)","37-23-10","128-42-07","한국수자원공사","강원특별자치도 정선군","정선읍 애산리 113-5"
"10014140","정선군(송계리)","37-29-39","128-49-12","한국수자원공사","강원특별자치도 정선군","임계면 송계1리 887-2"
"10014150","정선군(직전리)","37-14-05","128-49-10","한국수자원공사","강원특별자치도 정선군","사북읍 직전리 산588-2"
"10014160","평창군(율치리)","37-19-30","128-29-33","한국수자원공사","강원특별자치도 평창군","미탄면 율치리 산20-4"
"10014170","강릉시(대기리2)","37-34-23","128-44-39","한국수자원공사","강원특별자치도 강릉시","왕산면 대기3리 산1656"
"10014180","삼척시(광동리)","37-21-00","128-56-12","한국수자원공사","강원특별자치도 삼척시","하장면 광동리 120"
"10014190","삼척시(광동댐)","37-20-12","128-58-01","한국수자원공사","강원특별자치도 삼척시","하장면 숙암리 산104"
"10014197","태백시(상사미동)","37-16-49","128-59-30","한국수자원공사","강원특별자치도 태백시","삼수동 2통 1반"
"10014200","평창군(회동리)","37-21-51","128-29-14","한국수자원공사","강원특별자치도 평창군","미탄면 회동리 619"
"10014210","평창군(수항리)","37-33-40","128-34-03","한국수자원공사","강원특별자치도 평창군","진부면 수항리 96-1"
"10014220","정선군(문곡리)","37-16-06","128-40-43","한국수자원공사","강원특별자치도 정선군","남면 문곡리 273-2"
"10014230","정선군(유천리)","37-29-14","128-43-43","한국수자원공사","강원특별자치도 정선군 여량면","노추산로 205"
"10014240","정선군(덕암리)","37-21-26","128-50-03","한국수자원공사","강원특별자치도 정선군","임계면 덕암리 305-3"
"10014250","원동","37-15-53","128-57-49","한국수자원공사","강원특별자치도 태백시","원동 41번지"
"10014260","송천1교","37-40-05","128-42-35","한국수력원자력","강원특별자치도 평창군","대관령면 횡계리"
"10024010","평창군(가평초교)","37-26-50","128-28-57","환경부","강원특별자치도 평창군","대화면 가평로 400 가평초등학교"
"10024060","평창군(방림면사무소)","37-25-35","128-23-39","환경부","강원특별자치도 평창군","방림면 서동로 1337 방림면사무소"
"10024070","대화","37-29-53","128-27-37","환경부","강원도 평창군 대화면","대화410-5(대화면사무소)"
"10024080","계촌","37-27-00","128-18-25","환경부","강원도 평창군 방림면","계촌4 계촌초교"
"10024090","평창군(흥정리)","37-39-04","128-19-01","환경부","강원특별자치도 평창군","봉평면 흥정리계곡4길 61-4"
"10024100","평창군(계촌리)","37-27-15","128-20-44","환경부","강원특별자치도 평창군","방림면 고원로 1249 (구)헴프전시체험실"
"10024110","평창군(유포리)","37-31-32","128-22-38","환경부","강원특별자치도 평창군","봉평면 유포리 597-10"
"10024120","평창군(유포리2)","37-33-06","128-23-36","환경부","강원특별자치도 평창군","봉평면 금당계곡로 1761 (구)등매비룡수련원"
"10024130","평창군(도사리)","37-36-38","128-26-21","환경부","강원특별자치도 평창군","용평면 도사리 332-1"
"10024140","평창군(고길리)","37-24-17","128-27-22","환경부","강원특별자치도 평창군","평창읍 고길리 산1-2"
"10024150","평창군(신리)","37-32-04","128-27-25","환경부","강원특별자치도 평창군","대화면 신리 597-8 송빈공원"
"10024160","평창군(이승복기념관)","37-40-27","128-27-46","환경부","강원특별자치도 평창군","용평면 운두령로 500-11 이승복기념관"
"10024170","영월군(무릉리)","37-17-07","128-17-21","한국수자원공사","강원특별자치도 영월군","수주면 무릉리 210"
"10024180","평창군(계촌리2)","37-26-37","128-17-54","한국수자원공사","강원특별자치도 평창군","방림면 계촌리 582-1"
"10024190","평창군(원길리)","37-37-18","128-21-30","한국수자원공사","강원특별자치도 평창군","봉평면 원길 2리 417-2 번지"
"10024200","평창군(후평리)","37-22-30","128-23-21","한국수자원공사","강원특별자치도 평창군","평창읍 후평리 725"
"10024210","평창군(대화리)","37-29-25","128-27-27","한국수자원공사","강원특별자치도 평창군","대화면 대화리 산70"
"10024220","영월군(북쌍리)","37-11-29","128-24-41","한국수자원공사","강원특별자치도 영월군","남면 북상리 252-1"
"10024230","횡성군(부곡리)","37-19-32","128-04-53","한국수자원공사","강원특별자치도 횡성군","안흥면 부곡2 793"
"10024240","원주시(황둔리)","37-14-53","128-08-41","한국수자원공사","강원특별자치도 원주시","신림면 황둔리 1558-8"
"10024250","횡성군(상안리)","37-24-33","128-11-31","한국수자원공사","강원특별자치도 횡성군","안흥면 상안리 733-2"
"10024260","영월군(연덕리)","37-16-47","128-25-28","한국수자원공사","강원특별자치도 영월군","북면 연덕리 산222-1"
"10034050","단양군(영춘중교)","37-04-56","128-29-03","환경부","충청북도 단양군","영춘면 온달평강로 105 영춘중학교"
"10034060","제천시(덕주휴게소)","36-51-49","128-05-19","환경부","충청북도 제천시","한수면 송계리 1149 덕주휴게소"
"10034070","단양군(올산리)","36-50-24","128-22-20","환경부","충청북도 단양군","대강면 올산리 159-2"
"10034080","제천시(평동리)","37-08-10","128-01-29","한국수자원공사","충청북도 제천시","백운면 평동리 229-1"
"10034090","제천시(물태리)","36-59-37","128-10-21","한국수자원공사","충청북도 제천시","청풍면 물태리 산 8-2"
"10034100","단양군(하방리)","36-56-20","128-19-37","한국수자원공사","충청북도 단양군","단성면 하방리 산15-2"
"10034110","단양군(오사리)","37-05-45","128-30-46","한국수자원공사","충청북도 단양군","영춘면 오사리 36"
"10034120","영월군(주문리)","37-08-11","128-37-01","한국수자원공사","강원특별자치도 영월군","하동면 주문리 166-3"
"10034130","충주시(충주댐)","37-00-15","127-59-49","한국수자원공사","충청북도 충주시","동량면 조동리 산 180-4"
"10034140","단양군(가평리)","37-04-08","128-17-10","한국수자원공사","충청북도 단양군 매포읍","가평리 142-7"
"10034150","제천시(삼거리)","37-05-15","128-08-08","한국수자원공사","충청북도 제천시","봉양읍 삼거리 999-8"
"10034160","제천시(도전리)","36-53-53","128-09-34","한국수자원공사","충청북도 제천시","덕산면 도전리 907-9"
"10034170","단양군(율곡리)","37-03-25","128-23-01","한국수자원공사","충청북도 단양군","어상천면 율곡리 220"
"10034180","영월군(내리)","37-05-33","128-42-35","한국수자원공사","강원특별자치도 영월군","하동면 내리 산279-3"
"10044010","괴산군(청천면사무소)","36-39-38","127-44-15","환경부","충청북도 괴산군","청천면 괴산로 1342-1 청천면사무소"
"10044020","충주시(수안보면사무소)","36-50-50","127-59-41","환경부","충청북도 충주시","수안보면 관동길 9-9 수안보행정복지센터"
"10044030","괴산군(연풍초교)","36-45-43","127-59-51","환경부","충청북도 괴산군","연풍면 중앙로 53 연풍초등학교"
"10044040","갈계","36-46-00","127-49-00","기타","경상남도 거창군","북상면    갈계리    북상면사무소"
"10044060","보은군(법주분교)","36-30-37","127-48-23","환경부","충청북도 보은군","속리산면 속리산로 743 수정초등학교 법주분교(폐교)"
"10044080","상주시(입석분교)","36-38-17","127-53-10","환경부","경상북도 상주시","화북면 문장로 2645 화북초등학교 입석분교"
"10044090","보은군(법주사)","36-32-27","127-49-57","환경부","충청북도 보은군","속리산면 법주사로 421 법주사"
"10044100","괴산군(고마리)","36-48-56","127-44-11","한국수자원공사","충청북도 괴산군","소수면 고마리 전339-1"
"10044110","청주시(성대리)","36-37-02","127-39-30","환경부","충청북도 청주시","상당구 미원면 성대리 596-29"
"10044120","충주시(대곡리)","36-57-35","127-45-47","한국수자원공사","충청북도 충주시","주덕읍 대곡리 45"
"10044130","충주시(향산리)","36-48-28","127-47-35","한국수자원공사","충청북도 충주시","살미면 향산리 산20-1"
"10044140","괴산군(오가리)","36-48-37","127-57-13","한국수자원공사","충청북도 괴산군","장연면 오가리 641-10"
"10044150","음성군(음성고교)","36-56-03","127-41-10","환경부","충청북도 음성군","음성읍 중앙로 109-16 음성고등학교"
"10044160","괴산군(송면중교)","36-39-36","127-52-29","환경부","충청북도 괴산군","청천면 문장로 2915 송면중학교"
"10044170","괴산군(문당리)","36-44-29","127-40-17","환경부","충청북도 괴산군","청안면 문당리 932-2"
"10044180","보은군(탁주리)","36-34-11","127-44-56","환경부","충청북도 보은군","산외면 탁주리105-2"
"10044182","괴산댐","36-45-33","127-50-35","한국수력원자력","충청북도 괴산군","칠성면 산막이옛길 43"
"10044270","송면","36-40-16","127-51-50","한국수력원자력","충청북도 괴산군","청천면 송면리 116-2 (송면초등학교 뒤 아람슈퍼 건물 옥상)"
"10044280","미원","36-37-22","127-39-36","한국수력원자력","충청북도 청원군","미원면 미원리 403-4 (미원시외버스터미널에서 보은방향으로 800m지점 첫번째 주택 옥상)"
"10044282","내속리","36-30-38","127-48-40","한국수력원자력","충청북도 보은군","속리산면 상판리 (속리중학교속리중학교 표지판이 있는 집 옥상)"
"10044284","압항천","36-42-10","127-43-56","한국수력원자력","충청북도 괴산군","청안면 부흥리 190-4 (부흥차부하이퍼 건물 옥상에 위치)"
"10044285","고성교","36-39-58","127-45-48","한국수력원자력","충청북도 괴산군 청천면","고성리 575"
"10044286","후영교","36-42-17","127-48-44","한국수력원자력","충청북도 괴산군 청천면","후영리 499"
"10054010","원주시(법천교)","37-12-16","127-45-15","환경부","강원특별자치도 원주시","부론면 법천리 법천교"
"10054020","충주시(엄정면사무소)","37-05-11","127-54-54","환경부","충청북도 충주시","엄정면 내창로 185 엄정면행정복지센터"
"10054030","충주시(용대리)","37-05-13","127-45-06","환경부","충청북도 충주시","앙성면 용대리 485-1"
"10064010","원주","37-21-00","127-57-00","환경부","강원도 원주시",""
"10064020","횡성군(횡성군청)","37-29-32","127-59-06","환경부","강원특별자치도 횡성군","횡성읍 태기로 15 횡성군청"
"10064030","양평군(양동주민자치센터)","37-25-28","127-45-05","환경부","경기도 양평군","양동면 학둔지아래길 24 양동주민자치센터"
"10064040","횡성군(청일면사무소)","37-35-02","128-09-01","환경부","강원특별자치도 횡성군","청일면 유동로 17 청일면행정복지센터"
"10064050","원주시(지정면사무소)","37-21-44","127-50-23","환경부","강원특별자치도 원주시","지정면 간현로 126 지정면사무소"
"10064060","원주시(문막교)","37-18-18","127-48-37","환경부","강원특별자치도 원주시","문막읍 문막리 문막교"
"10064070","원주시(서곡초교)","37-17-54","127-56-22","환경부","강원특별자치도 원주시","판부면 용수골길 159 서곡초등학교"
"10064080","횡성군(우항리)","37-27-42","128-03-55","환경부","강원특별자치도 횡성군","우천면 우항리 658-3"
"10064090","원주시(흥양초교)","37-22-50","127-59-52","환경부","강원특별자치도 원주시","소초면 하초구길 6 흥양초등학교"
"10064100","횡성군(춘당리)","37-36-22","128-09-06","한국수자원공사","강원특별자치도 횡성군","청일면 춘당2리 653"
"10064110","횡성군(갑천리)","37-34-17","128-11-03","한국수자원공사","강원특별자치도 횡성군","청일면 갑천리 303-1"
"10064120","횡성군(횡성댐)","37-32-40","128-02-02","한국수자원공사","강원특별자치도 횡성군","갑천면 대관대리 산37번지"
"10074010","양평군(양평교)","37-29-11","127-29-24","환경부","경기도 양평군","양평읍 양근리 양평대교"
"10074020","장호원","37-01-00","127-37-00","환경부","경기도 이천군 장호원읍","창전리 읍사무소"
"10074030","여주시(여주대교)","37-17-44","127-38-53","환경부","경기도 여주시","상동 여주대교"
"10074040","양평군(청운면사무소)","37-33-23","127-42-38","환경부","경기도 양평군","청운면 용두로 170 청운면사무소"
"10074050","음성군(생극면사무소)","37-02-03","127-36-25","환경부","충청북도 음성군","생극면 음성로 1646 생극면행정복지센터"
"10074060","이천시(이천남초교)","37-16-35","127-26-41","환경부","경기도 이천시","경충대로 2614번길 32 이천남초등학교"
"10074070","여주시(금당초교)","37-11-51","127-36-19","환경부","경기도 여주시","가남읍 가남로 649 금당초등학교"
"10074080","안성시(삼죽초교)","37-04-36","127-22-28","환경부","경기도 안성시","삼죽면 삼죽초교길 20 삼죽초등학교"
"10074090","이천시(장천초교)","37-08-45","127-31-39","환경부","경기도 이천시","설성면 설성로 164-25 장천초등학교"
"10074100","여주시(주암리)","37-23-50","127-40-46","환경부","경기도 여주시","북내면 주암길225-3 (구)주암분교"
"10074110","광주시(검천리)","37-31-51","127-20-32","환경부","경기도 광주시","남종면 검천리362"
"10074120","여주시(상품중교)","37-24-07","127-26-22","환경부","경기도 여주시","산북면 상품1길 28 상품중학교"
"10074170","흑천","37-27-51","127-32-35","한국수력원자력","경기도 양평군","양평읍 원덕리"
"10074175","남한강","37-10-59","127-41-12","한국수력원자력","경기도 여주군","강천면 이호리"
"10094010","화천군(평화의댐)","38-12-34","127-50-54","한국수자원공사","강원특별자치도 화천군","화천읍 동촌리"
"10094020","화천군(풍산리)","38-17-07","127-48-50","한국수자원공사","강원특별자치도 화천군 화천읍","풍산리 산 268"
"10104010","화천군(화천군청)","38-06-21","127-42-30","환경부","강원특별자치도 화천군","화천읍 화천새싹길 45 화천군청"
"10104020","화천군(다목초교)","38-10-33","127-32-10","환경부","강원특별자치도 화천군","상서면 다파로 9-4 다목초등학교"
"10104030","양구군(방산초교)","38-12-37","127-56-35","환경부","강원특별자치도 양구군","방산면 평화로 5121-7 방산초등학교"
"10104040","화천군(명월리)","38-07-31","127-31-51","환경부","강원특별자치도 화천군","사내면 명월리 221-2"
"10104048","화천댐","38-05-55","127-45-40","한국수력원자력","강원도 화천군","간동면 어룡동길 42"
"10104050","화천군(화천댐)","38-07-03","127-46-38","환경부","강원특별자치도 화천군","간동면 구만리 화천댐"
"10104060","양구군(금악리)","38-11-36","127-55-53","환경부","강원특별자치도 양구군","방산면 금악리 484-4"
"10104070","춘천시(지촌초교)","38-02-15","127-38-43","환경부","강원특별자치도 춘천시","사북면 지촌길 130 지촌초등학교"
"10104080","화천군(상승초교)","38-09-29","127-38-58","환경부","강원특별자치도 화천군","상서면 평촌길 126-30 상승초등학교"
"10104082","춘천댐","37-58-02","127-40-10","한국수력원자력","강원도 춘천시","신북읍 영서로 3741"
"10104170","수입천","38-10-59","127-54-05","한국수력원자력","강원특별자치도 양구군","방산면 오미리"
"10104171","양구서천","38-06-28","127-59-03","한국수력원자력","강원특별자치도 양구군","양구읍 하리"
"10104172","용신교","38-06-32","127-42-16","한국수력원자력","","강원도 화천군 화천읍 상리"
"10104173","지촌천","38-06-32","127-38-13","한국수력원자력","강원특별자치도 춘천시","사북면 지촌리"
"10104174","약수교","38-10-03","128-02-35","한국수력원자력","강원특별자치도 양구군 동면","후곡리 699 약수교"
"10114020","용대","38-11-35","128-19-51","환경부","강원도 인제군 북면","용대2통1반1106(용대초교)"
"10114030","인제군(서성초교)","38-15-36","128-12-37","한국수자원공사","강원특별자치도 인제군","서화면 금강로 1801-42 서성초등학교"
"10114040","인제군(한계초교)","38-08-28","128-15-28","한국수자원공사","강원특별자치도 인제군","북면 한계리 1044 한계초교"
"10114050","인제군(백담산장)","38-09-35","128-22-31","환경부","강원특별자치도 인제군","북면 백담로 805 백담산장"
"10114060","장수대","38-07-01","128-20-38","환경부","강원도 인제군 북면","한계3 장수대관리소"
"10114070","인제군(덕적리)","38-04-18","128-17-11","한국수자원공사","강원특별자치도 인제군","인제읍 덕적리 73-1"
"10114080","인제군(용대초교)","38-11-44","128-19-47","한국수자원공사","강원특별자치도 인제군","북면 용대리 1025-1 용대초교"
"10124020","인제군(신남중교)","37-58-16","128-04-50","환경부","강원특별자치도 인제군","남면 신남로 47-35 신남중학교"
"10124050","춘천시(추곡초교)","38-01-20","127-53-01","한국수자원공사","강원특별자치도 춘천시 북산면","추곡리 562"
"10124060","인제군(남전리)","38-02-01","128-08-47","한국수자원공사","강원특별자치도 인제군 남면","남전리 549-3"
"10124080","인제군(현리)","37-56-46","128-20-10","한국수자원공사","강원특별자치도 인제군","기린면 현리 46-2"
"10124090","홍천군(창촌리)","37-45-57","128-22-52","한국수자원공사","강원특별자치도 홍천군","내면 창촌리 1733-1"
"10124110","인제군(진동리)","37-57-52","128-24-46","환경부","강원특별자치도 인제군","기린면 진동리 649-1"
"10124120","홍천군(명개리)","37-50-60","128-30-12","환경부","강원특별자치도 홍천군","내면 명개리 163-3"
"10124130","인제군(신남리)","37-58-02","128-04-33","한국수자원공사","강원특별자치도 인제군","남면 신남리 508-5"
"10124140","인제군(상남초교)","37-52-24","128-15-43","한국수자원공사","강원특별자치도 인제군","상남면 상남리 107 상남초교"
"10124150","인제군(귀둔리)","38-00-41","128-23-39","한국수자원공사","강원특별자치도 인제군","인제읍 귀둔리 34-1"
"10124160","홍천군(명개리2)","37-50-52","128-30-31","한국수자원공사","강원특별자치도 홍천군","내면 명개리 162-1"
"10124170","춘천시(천전리)","37-55-49","127-47-23","환경부","강원특별자치도 춘천시","동면 지내리 윗샘밭교"
"10124175","지내천","37-55-19","127-46-54","한국수력원자력","강원특별자치도 춘천시","동면 지내리 양정교"
"10124180","춘천시(소양강댐)","37-56-56","127-48-54","한국수자원공사","강원특별자치도 춘천시 신북읍","신샘밭로 1128"
"10134010","춘천시(소양2교)","37-53-35","127-43-21","환경부","강원특별자치도 춘천시","근화동 소양2교"
"10134020","가평군(가평교)","37-49-53","127-31-05","환경부","경기도 가평군","가평읍 읍내리 가평교"
"10134030","가평군(화악교)","37-55-17","127-33-58","환경부","경기도 가평군","북면 소법리 화악교"
"10134032","의암댐","37-50-09","127-40-39","한국수력원자력","강원도 춘천시","신동면 옛경춘로 62-15"
"10134045","목동교","37-52-59","127-32-54","한국수력원자력","경기도 가평군","북면목동리"
"10134140","가평천","37-52-29","127-31-40","한국수력원자력","경기도 가평군","북면 개곡리"
"10144010","홍천군(홍천농고)","37-42-22","127-54-36","환경부","강원특별자치도 홍천군","홍천읍 홍천로 678-15 홍천농업고등학교"
"10144020","홍천군(서석면사무소)","37-42-49","128-11-11","환경부","강원특별자치도 홍천군","서석면 풍암길 10 서석면사무소"
"10144030","두촌2","37-51-56","128-01-16","환경부","강원특별자치도 홍천군 두촌면","자은1리 869-2(두촌면사무소)"
"10144040","홍천군(내촌면사무소)","37-48-59","128-05-13","환경부","강원특별자치도 홍천군","내촌면 내촌길 27 내촌면사무소"
"10144050","홍천군(반곡교)","37-41-37","127-40-14","환경부","강원특별자치도 홍천군","서면 반곡리 반곡교"
"10144060","홍천군(매산초교)","37-35-28","127-50-43","환경부","강원특별자치도 홍천군","남면 시동안로 351 매산초등학교"
"10144070","홍천군(삼포초교)","37-45-23","127-58-35","환경부","강원특별자치도 홍천군","화촌면 구룡령로 339 삼포초등학교"
"10144080","홍천군(노천초교)","37-40-05","128-00-54","환경부","강원특별자치도 홍천군","동면 공작산로 1220 노천초등학교"
"10144090","홍천군(북방리)","37-48-56","127-50-58","환경부","강원특별자치도 홍천군","북방면 북방리 826"
"10144100","홍천군(두촌중교)","37-52-19","128-01-34","환경부","강원특별자치도 홍천군","두촌면 증골길 61 두촌중학교"
"10144165","홍천강(성포교)","37-45-48","127-58-27","한국수력원자력","강원특별자치도 홍천군","화촌면 성산리"
"10144170","홍천강(남산교)","37-41-40","127-53-23","한국수력원자력","강원도 홍천군","홍천읍 희망리"
"10144172","화천천","38-06-32","127-42-16","한국수력원자력","강원특별자치도 화천군","화천읍 상리"
"10144180","홍천강(한덕교)","37-40-20","127-36-48","한국수력원자력","강원특별자치도 홍천군","서면 모곡리"
"10154010","가평군(하면사무소)","37-49-04","127-21-13","환경부","경기도 가평군","조종면 조종내길 71 조종면행정복지센터"
"10154020","가평군(신청평대교)","37-43-05","127-24-37","환경부","경기도 가평군","청평면 삼회리 산90 신청평대교인근"
"10154030","가평군(중미산)","37-35-34","127-28-38","환경부","경기도 가평군","설악면 가일리 산 65-37 중미산고개"
"10154032","청평댐","37-43-22","127-25-14","한국수력원자력","경기도 가평군","설악면 유명로 2630"
"10154035","산장제1교","37-45-18","127-24-37","한국수력원자력","경기도 가평군","상면덕현리"
"10164010","광주시(광주시청)","37-25-46","127-15-17","환경부","경기도 광주시","행정타운로 50 광주시청"
"10164020","광주시(남한산초교)","37-28-42","127-11-08","환경부","경기도 광주시","중부면 남한산성로 770 남한산초등학교"
"10164030","용인시(포곡초교)","37-16-52","127-13-11","환경부","경기도 용인시","처인구 포곡읍 부곡로 24 포곡초등학교"
"10164040","용인시(운학초교)","37-12-10","127-14-43","환경부","경기도 용인시","처인구 동부로 465번길 7 운학초등학교"
"10164050","용인시(모현면사무소)","37-19-48","127-14-34","환경부","경기도 용인시","처인구 모현면 독점로 31-6 모현읍행정복지센터"
"10164060","용인시(용동중교)","37-13-53","127-17-02","환경부","경기도 용인시","처인구 양지면 남곡로 26 용동중학교"
"10164070","용인시(역삼동주민센터)","37-14-04","127-11-18","환경부","경기도 용인시","처인구 명지로 16 역삼동행정복지센터"
"10164075","경안교","37-23-33","127-15-06","한국수력원자력","경기도 광주시","오포읍양벌리"
"10164080","광주시(경안교)","37-24-24","127-15-47","환경부","경기도 광주시","쌍령동 경안교"
"10174020","남양주시(팔당댐)","37-31-38","127-17-00","환경부","경기도 남양주시","조안면 다산로 320 팔당댐"
"10184010","의정부시(중앙초교)","37-44-41","127-02-47","환경부","경기도 의정부시","호국로 1291번길 17 중앙초등학교"
"10184020","포천시(내촌면사무소)","37-47-10","127-13-42","환경부","경기도 포천시","내촌면 내촌로 70 내촌면행정복지센터"
"10184030","남면","37-20-41","126-56-39","환경부","경기도 군포시 군포2동","군포초교"
"10184040","성남시(한국학중앙연구원)","37-23-34","127-03-03","환경부","경기도 성남시","분당구 하오개로 323 한국학중앙연구원"
"10184050","고안(등록문화재)","37-32-30","127-15-00","환경부","경기도 남양주시 조안면","능내리 825"
"10184060","남양주시(금곡초교)","37-38-09","127-12-41","환경부","경기도 남양주시","경춘로 995번길 7 금곡초등학교"
"10184070","서울","37-32-00","126-58-00","환경부","서울특별시 서대문구",""
"10184080","서울시(구로구청)","37-29-42","126-53-11","환경부","서울특별시 구로구","가마산로 245 구로구청"
"10184090","안양시(충훈1교)","37-24-17","126-54-11","환경부","경기도 안양시","만안구 박달동 충훈1교"
"10184100","서울시(대곡교)","37-28-08","127-07-21","환경부","서울특별시","강남구 세곡동 대곡교"
"10184110","남양주시(진관교)","37-39-00","127-09-07","환경부","경기도 남양주시","퇴계원면 퇴계원리 진관교"
"10184120","포천시(진목리)","37-47-28","127-12-41","환경부","경기도 포천시","내촌면 진목리 638-3"
"10184125","의정부시(도봉차량기지)","37-42-09","127-03-07","환경부","경기도 의정부시","장암동 163-3 도봉차량기지"
"10184130","성남시(대장동)","37-21-36","127-04-11","환경부","경기도 성남시","분당구 대장동 310"
"10184140","서울시(송정동)","37-33-08","127-03-20","환경부","서울특별시 성동구","송정동 75-30"
"10184150","과천시(한국수자원공사)","37-25-25","126-59-14","환경부","경기도 과천시","교육원로 11 한국수자원공사 수도권지역본부"
"10184160","부천시(부안초교)","37-28-48","126-48-42","환경부","경기도 부천시","소사구 경인로 484번길 75 부안초등학교"
"10184170","군포시(군포1동주민센터)","37-21-14","126-56-44","환경부","경기도 군포시","군포로 531 군포1동 행정복지센터"
"10184180","성남시(성남북초교)","37-27-05","127-09-04","환경부","경기도 성남시","수정구 희망로 534번길 3 성남북초등학교"
"10184190","서울시(동막골주차장)","37-40-29","127-05-09","환경부","서울특별시 노원구","덕릉로 897 동막골 주차장"
"10184200","서울시(월계2교)","37-37-27","127-03-00","환경부","서울특별시 노원구","월계동 월계2교"
"10184210","의왕시(포일동)","37-23-20","126-59-17","환경부","경기도 의왕시","포일동 157"
"10184220","남양주시(진접읍사무소)","37-43-34","127-11-24","환경부","경기도 남양주시","진접읍 금강로 1509-26 진접읍행정복지센터"
"10184230","성남시(구미초교)","37-20-16","127-07-04","환경부","경기도 성남시","분당구 미금로 22번길 25 구미초등학교"
"10184232","팔당댐","37-31-38","127-17-00","한국수력원자력","경기도 남양주시","조안면 다산로 320"
"10194010","김포시(김포시청)","37-36-55","126-42-56","환경부","경기도 김포시","사우중로 1 김포시청"
"10194020","귤현보","37-34-9","126-46-2","한국수자원공사","인천광역시 계양구 귤현동","59-9"
"10194030","아라김포TM","37-36-0","126-47-57","한국수자원공사","서울특별시 강서구 개화동","22-3"
"10204010","연천군(고문분교)","38-03-55","127-06-47","환경부","경기도 연천군","연천읍 현문로 459 고문분교"
"10204020","연천군(상리초교)","38-08-07","127-04-31","환경부","경기도 연천군","연천읍 상리로 70 상리초등학교"
"10214010","연천군(임진교)","38-03-23","127-01-03","환경부","경기도 연천군","군남면 진상리 임진교"
"10214020","연천군(횡산리)","38-06-59","126-59-12","한국수자원공사","경기도 연천군 중면","횡산리 238"
"10214030","연천군(군남댐)","38-06-13","127-01-16","한국수자원공사","경기도 연천군 군남면","선곡리 627-2"
"10224010","포천시(용담교)","38-07-26","127-16-19","환경부","경기도 포천시","영북면 자일리 용담교"
"10224020","포천시(영송리)","38-00-34","127-12-59","환경부","경기도 포천시","영중면 영송리 549-6"
"10224030","철원군(청양리)","38-14-33","127-22-22","환경부","강원특별자치도 철원군","김화읍 청양로 320 홍천국토관리사무소 건물"
"10224040","포천시(노곡리)","38-00-33","127-20-29","환경부","경기도 포천시","이동면 노곡리 566-1"
"10224050","양주시(봉암초교)","37-54-39","127-00-21","환경부","경기도 양주시","은현면 삼육사로 473 봉암초등학교"
"10224060","포천시(포천삼정초교)","37-57-50","127-07-53","환경부","경기도 포천시","신북면 청신로 947번길 17 삼정초등학교"
"10224070","포천시(송우초교)","37-49-48","127-08-37","환경부","경기도 포천시","소홀읍 송우로 42 송우초등학교"
"10224080","철원군(오덕초교)","38-13-26","127-14-01","환경부","강원특별자치도 철원군","동송읍 오덕로 159 오덕초등학교"
"10224090","포천시(화현초교)","37-54-01","127-16-40","환경부","경기도 포천시","화현면 지현리 119-1"
"10224100","철원군(서면초교)","38-10-09","127-25-01","환경부","강원특별자치도 철원군","서면 자등로 634 서면초등학교"
"10234010","파주시(통일대교)","37-54-16","126-44-30","환경부","경기도 파주시","문산읍 마정리 통일대교"
"10234020","파주시(법원리)","37-51-24","126-52-48","환경부","경기도 파주시","법원읍 술이홀로 970-9 법원읍행정복지센터"
"10234030","파주시(신산초교)","37-46-50","126-51-07","환경부","경기도 파주시","광탄면 심궁로 13 신산초등학교"
"10234040","파주시(용연초교)","37-55-43","126-51-28","환경부","경기도 파주시","파평면 청송로 402번길 31 용연초등학교"
"11014010","평택시(진위면사무소)","37-06-00","127-05-26","환경부","경기도 평택시","진위면 봉남길 61 진위면행정복지센터"
"11014020","안성시(안성시청)","37-00-29","127-16-43","환경부","경기도 안성시","시청길 25 안성시청"
"11014030","용인시(원삼면사무소)","37-09-58","127-18-46","환경부","경기도 용인시","처인구 원삼면 원양로 64 원삼면행정복지센터"
"11014040","화성시(양감면사무소)","37-04-57","126-56-46","환경부","경기도 화성시","양감면 초록로 7 양감행정복지센터"
"11014050","천안시(대홍초교)","36-56-59","127-08-54","환경부","충청남도 천안시","서북구 성환읍 잠실길 4 대흥초등학교"
"11014060","화성시(수원대학교)","37-12-36","126-58-30","환경부","경기도 화성시","봉담읍 와우안길 17 수원대학교(IT대학)"
"11014070","평택시(회화리)","37-05-46","127-01-44","환경부","경기도 평택시","서탄면 회화리 388"
"11014080","평택시(군문교)","36-59-01","127-04-48","환경부","경기도 평택시","군문동 군문교"
"11014090","용인시(신갈저수지)","37-13-34","127-05-38","환경부","경기도 용인시","기흥구 고매동 산 87-1 신갈저수지 제방"
"11014100","용인시(이동면사무소)","37-08-28","127-11-46","환경부","경기도 용인시","처인구 이동면 경기동로 673 이동읍행정복지센터"
"11014110","천안시(성거읍사무소)","36-52-41","127-11-57","환경부","충청남도 천안시","서북구 성거읍 봉주로 469 성거읍행정복지센터"
"11014120","안성시(삼암리)","37-01-45","127-12-13","환경부","경기도 안성시","양성면 삼암리 195-5"
"11014130","안성시(안성서운중교)","36-56-41","127-15-47","환경부","경기도 안성시","서운면 바우덕이로 2 안성서운중학교"
"11014140","파주시(적암초교)","37-59-16","127-00-15","환경부","경기도 파주시","적성면 율곡로 3042 적암초등학교"
"12014010","아라인천TM","37-33-50","126-37-6","한국수자원공사","인천광역시 서구 오류동","1580-2"
"12024010","안산시(안산호동초교)","37-18-46","126-51-54","환경부","경기도 안산시","상록구 성호로 70 안산호동초등학교"
"12024020","안산시(장상동)","37-21-04","126-52-51","환경부","경기도 안산시","상록구 장상동 523"
"13014010","양양군(갈천리)","37-54-30","128-30-14","환경부","강원특별자치도 양양군","서면 갈천리 126"
"13014020","인제군(한계령)","38-05-52","128-24-18","환경부","강원특별자치도 인제군","한계리 산 1-2 한계령 (한계령휴게소 인근)"
"13024010","강릉시(소금강분소)","37-49-21","128-42-45","환경부","강원특별자치도 강릉시","연곡면 삼산리 159-2"
"13024030","동해시(달방댐)","37-30-49","129-01-25","한국수자원공사","강원특별자치도 동해시","신흥동 24-3"
"13034010","삼척시(심포리)","37-11-40","129-01-59","환경부","강원특별자치도 삼척시","도계읍 심포리 267-5"
"20014005","현동","36-59-08","129-00-18","기타","경상북도 봉화군","소천면    현동리    소천면사무소"
"20014010","봉화군(재산면사무소)","36-48-58","128-57-43","환경부","경상북도 봉화군","재산면 현동리 763 (재산면사무소)"
"20014020","안동시(석동동)","36-34-28","128-48-21","환경부","경상북도 안동시","석동동 412"
"20014030","안동시(서부리)","36-42-15","128-48-39","환경부","경상북도 안동시","도산면 서부리 산32 (한국국학진흥원 내 주차장옆산)"
"20014040","봉화군(애당리)","36-59-07","128-52-21","환경부","경상북도 봉화군","춘양면 애당리 184-3 (무지개팬션 내)"
"20014050","안동시(월곡초교)","36-39-40","128-53-14","환경부","경상북도 안동시","예안면 정산리 624 (월곡초교)"
"20014060","봉화군(풍호리)","36-50-46","128-53-20","환경부","경상북도 봉화군","명호면 풍호리 산174"
"20014070","태백시(태백시청)","37-09-47","128-59-11","환경부","강원특별자치도 태백시","황지동 244-3 (태백시청 견인차량 보관소 부근)"
"20014080","봉화군(석포초교)","37-02-51","129-03-49","환경부","경상북도 봉화군","석포면 석포리 산5-2 (석포초교 뒷산)"
"20014090","봉화군(분천리)","36-55-59","129-07-16","환경부","경상북도 봉화군","소천면 분천리 산165-13 (옥방휴게소 부근)"
"20014100","삼계","36-43-00","128-55-00","기타","경상북도 안동시","예안면    삼계리"
"20014110","안동시(의촌리)","36-42-52","128-51-21","한국수자원공사","경상북도 안동시","도산면 의촌리"
"20014120","봉화군(대현리)","37-04-10","128-58-30","한국수자원공사","경상북도 봉화군","석포면 대현리"
"20014130","봉화군(갈산리)","36-50-10","128-58-36","한국수자원공사","경상북도 봉화군","재산면 갈산리"
"20014140","봉화군(고선리)","36-57-46","128-59-55","한국수자원공사","경상북도 봉화군","소천면 고선리"
"20014150","현동","36-50-11","128-58-31","한국수자원공사","경상북도 봉화군","재산면    갈산리"
"20014160","태백시(소도동)","37-07-21","128-57-08","환경부","강원특별자치도 태백시","소도동 산38-8 (공원관리사무소 주차장 내)"
"20014170","봉화군(관창리)","36-48-34","128-52-34","한국수자원공사","경상북도 봉화군","명호면 관창리"
"20014180","안동시(기사리)","36-39-16","128-52-43","한국수자원공사","경상북도 안동시","예안면 기사리"
"20014190","봉화군(서동리)","36-56-48","128-55-07","한국수자원공사","경상북도 봉화군","춘양면 서동리 산11-1"
"20014200","태백시(문곡동)","37-07-25","129-00-27","한국수자원공사","강원특별자치도 태백시","문곡동"
"20014210","울진군(전곡리)","36-57-37","129-06-43","한국수자원공사","경상북도 울진군","서면 전곡리"
"20014230","영천시(화남면사무소)","36-03-33","128-53-22","환경부","경상북도 영천시","화남면 삼창리 1022-1 (화남면사무소)"
"20024020","안동시(당북동)","36-33-31","128-43-09","환경부","경상북도 안동시","당북동 398-4"
"20024025","안동","","","환경부","경상북도 안동시","남선면 이천리 도로관리사업소"
"20024030","청송군(현서면사무소)","36-16-33","128-53-45","환경부","경상북도 청송군","현서면 구산리 97-1 (현서면사무소)"
"20024050","안동시(묵계교)","36-25-54","128-54-39","환경부","경상북도 안동시","길안면 묵계리 1127-85 ((구)묵계교)"
"20024060","안동시(중평리)","36-33-53","128-55-06","환경부","경상북도 안동시","임동면 중평리 산195"
"20024070","진보2","36-31-35","129-02-50","환경부","경상북도 청송군","진보면 진안리 진보면사무소"
"20024080","청송군(덕리)","36-25-42","129-02-38","한국수자원공사","경상북도 청송군","청송읍 덕리"
"20024090","청송군(대전리)","36-19-47","129-04-19","한국수자원공사","경상북도 청송군","부남면 대전리"
"20024100","영양군(현리)","36-39-01","129-06-32","한국수자원공사","경상북도 영양군","영양읍 현리"
"20024110","영양군(답곡리)","36-32-33","129-08-36","한국수자원공사","경상북도 영양군","석보면 답곡1리"
"20024120","영양군(도곡리)","36-44-54","129-05-19","한국수자원공사","경상북도 영양군","일월면 도곡리 440"
"20024130","청송군(도평리)","36-18-04","129-03-04","환경부","경상북도 청송군","현동면 도평리 산14-10 (청송제설창고 옆)"
"20024140","청송군(월전리)","36-31-28","129-04-17","한국수자원공사","경상북도 청송군","진보면 월전리"
"20024150","청송군(상의리)","36-22-34","129-08-42","한국수자원공사","경상북도 청송군","부동면 상의리"
"20024160","영양군(송하리)","36-41-40","129-12-15","한국수자원공사","경상북도 영양군","수비면 송하리"
"20024170","청송군(성재리)","36-14-24","128-57-53","한국수자원공사","경상북도 청송군","안덕면 성덕댐로 1191"
"20024180","청송군(갈천리)","36-11-44","128-56-49","한국수자원공사","경상북도 청송군","현서면 성덕댐로 606"
"20024190","청송군(무계리)","36-11-01","128-58-58","한국수자원공사","경상북도 청송군 현서면","무계리 산49"
"20034010","의성군(풍지교)","36-31-48","128-21-54","환경부","경상북도 의성군","다인면 용곡리 764 (풍지교)"
"20034020","의성군(윤암리)","36-25-01","128-46-25","환경부","경상북도 의성군","점곡면 윤암리 245-2번지"
"20034030","안동시(만운리)","36-35-58","128-34-40","환경부","경상북도 안동시","풍산읍 만운리 산29-3"
"20034040","안동시(망호리)","36-28-22","128-39-46","환경부","경상북도 안동시","일직면 망호리 401-25번지"
"20044010","영주시(서천교)","36-49-49","128-36-50","환경부","경상북도 영주시","영주동 470-1"
"20044020","영주시(부석중고교)","36-58-41","128-39-04","환경부","경상북도 영주시","부석면 소천리 501-1 (부석중고교)"
"20044030","문경시(동로면사무소)","36-46-24","128-18-52","환경부","경상북도 문경시","동로면 적성리 545 (동로면사무소)"
"20044040","대구","36-51-00","128-36-00","기타","대구광역시","낙동강조사단본부"
"20044050","영주시(수철리)","36-53-53","128-28-00","환경부","경상북도 영주시","풍기읍 수철리 산19-9"
"20044060","경천댐","36-41-37","128-18-46","한국농어촌공사","경상북도 문경시 동로면","마광리"
"20044070","예천군(두천리)","36-42-22","128-21-38","환경부","경상북도 예천군","용문면 두천리 산21-2"
"20044080","예천군(고평교)","36-37-10","128-29-16","환경부","경상북도 예천군","호명면 월포리 624 (고평교)"
"20044090","예천군(은풍면사무소)","36-44-42","128-26-35","환경부","경상북도 예천군","은풍면 우곡리 140-1 (은풍면사무소)"
"20044100","영주시(성내리)","36-52-14","128-31-12","환경부","경상북도 영주시","풍기읍 성내리 143-2 (영주도서관 풍기분관 내)"
"20044110","봉화군(봉화대교)","36-53-19","128-43-57","환경부","경상북도 봉화군","봉화읍 내성리 506 (봉화대교)"
"20044120","영주시(영주댐)","36-43-36","128-39-19","한국수자원공사","경상북도 영주시 평은면","용혈리 897-2"
"20044130","봉화군(도촌초)","36-52-45","128-41-10","한국수자원공사","경상북도 봉화군 봉화읍","봉화로 639 도촌초등학교"
"20044140","봉화군(상운초)","36-49-49","128-45-15","한국수자원공사","경상북도 봉화군 상운면","예봉로 1231 상운초등학교"
"20054010","문경시(농암리)","36-35-47","128-00-25","환경부","경상북도 문경시","농암면 농암리 99-1"
"20054020","문경시(김용리)","36-35-21","128-13-00","환경부","경상북도 문경시","영순면 김용리 259-2"
"20054030","상주시(하송리)","36-28-17","127-57-59","환경부","경상북도 상주시","화서면 하송리 181-6"
"20054040","상주시(이안교)","36-32-38","128-09-32","환경부","경상북도 상주시","이안면 이안리 493-1 (이안교)"
"20054050","거창","36-41-00","127-58-00","기타","경상남도 거창군","거창읍    금천동    거창농고"
"20054060","상주시(화북초교)","36-33-60","127-54-43","환경부","경상북도 상주시","화북면 장암리 110-1 (화북초교)"
"20054070","문경시(진안리)","36-44-33","128-04-55","환경부","경상북도 문경시","문경읍 진안리 360-14 (문경도자기박물관 부근)"
"20054080","문경시(화산리)","36-34-25","127-59-27","환경부","경상북도 문경시","농암면 화산리 155-1"
"20064010","상주시(후천교)","36-25-41","128-09-31","환경부","경상북도 상주시","계산동 523 (후천교)"
"20064020","상주시(외서면사무소)","36-28-46","128-06-29","환경부","경상북도 상주시","외서면 가곡리 101-1 (외서면사무소)"
"20074010","예천군(상풍교)","36-29-55","128-16-07","환경부","경상북도 예천군","풍양면 효갈리1083-1 (상풍교)"
"20084010","의성군(도서리)","36-20-39","128-41-50","환경부","경상북도 의성군","의성읍 도서리 81-7"
"20084020","군위군(정리)","36-14-37","128-33-48","환경부","경상북도 군위군","군위읍 정리 1123-3"
"20084030","의성군(안계면사무소)","36-23-03","128-26-24","환경부","경상북도 의성군","안계면 용기리 475-2 (안계면사무소)"
"20084050","군위군(고곡리)","36-06-23","128-34-03","환경부","경상북도 군위군","효령면 고곡리 산85-1"
"20084060","군위군(효령교)","36-09-21","128-35-01","환경부","경상북도 군위군","효령면 중구리 307-3 (효령교)"
"20084070","군위군(대율초교)","36-03-46","128-39-19","환경부","경상북도 군위군","부계면 대율리 644-1 (대율초교)"
"20084080","우보","36-11-31","128-39-46","환경부","경상북도 군위군 우보면","이화리 우보초등교"
"20084090","군위군(화본리)","36-07-40","128-41-49","환경부","경상북도 군위군","산성면 화본리 826-1"
"20084100","군위군(화수리)","36-07-38","128-45-07","환경부","경상북도 군위군","고로면 화수리 937-5"
"20084110","군위군(고로면)","36-06-22","128-44-56","환경부","경상북도 군위군","고로면 화수리 산54-3"
"20084120","석산","36-09-50","128-49-46","기타","경상북도 군위군","고로면 양지리"
"20084130","군위군(읍내리)","36-10-35","128-42-53","환경부","경상북도 군위군","의흥면 읍내리 434-18"
"20084140","의성군(도원리)","36-17-10","128-34-43","환경부","경상북도 의성군","봉양면 도원리 460 (의성IC 진출입로 부지 내)"
"20084150","군위군(무성리)","36-11-38","128-33-51","환경부","경상북도 군위군","군위읍 무성리 821-2"
"20084160","군위군(미성교)","36-10-54","128-40-20","환경부","경상북도 군위군","우보면 이화리 575-9 (미성교)"
"20084170","군위군(군위댐)","36-07-20","128-47-38","한국수자원공사","경상북도 군위군","삼국유사면 학성리 407"
"20084180","군위군(양지리)","36-10-00","128-49-37","한국수자원공사","경상북도 군위군","삼국유사면 양지리 497-5"
"20094010","의성군(낙단교)","36-21-27","128-18-04","환경부","경상북도 의성군","단밀면 낙정리 806 (낙단교)"
"20094020","구미시(일선교)","36-16-23","128-20-34","환경부","경상북도 구미시","도개면 신림리 775 (일선교)"
"20104010","김천시(부곡동)","36-07-13","128-06-32","환경부","경상북도 김천시","부곡동 41-1"
"20104020","김천시(지례면사무소)","35-59-05","128-01-36","환경부","경상북도 김천시","지례면 교리 570-1 (지례면사무소)"
"20104030","김천시(월곡리)","35-59-15","127-57-30","한국수자원공사","경상북도 김천시","부항면 사등리"
"20104040","김천시(파천리)","36-01-25","127-57-20","한국수자원공사","경상북도 김천시","부항면 안간리"
"20104050","구미시(선주교)","36-13-40","128-18-32","환경부","경상북도 구미시","선산읍 화조리 581-6 (선주교)"
"20104060","김천시(김천부항댐)","35-58-56","128-00-21","한국수자원공사","경상북도 김천시","지례면 도곡리 1005-1"
"20114010","칠곡군(호국의다리)","36-00-01","128-23-40","환경부","경상북도 칠곡군","왜관읍 석전리 872 (호국의 다리)"
"20114020","구미시(장천초교)","36-07-50","128-29-44","환경부","경상북도 구미시","장천면 하장리 503-2 (장천초교)"
"20114030","성주군(성주대교)","35-52-51","128-23-25","환경부","경상북도 성주군","선남면 선원리 5-3 (성주대교)"
"20114040","구미시(구미대교)","36-06-39","128-23-48","환경부","경상북도 구미시","임수동 550-1 (구미대교)"
"20124010","영천시(영동교)","35-58-08","128-56-19","환경부","경상북도 영천시","완산동 1269-1(영동교)"
"20124020","포항시(죽장초교)","36-09-37","129-05-28","환경부","경상북도 포항시","북구 죽장면 입암리 730-1 (죽장초교)"
"20124030","영천시(화성리)","36-02-46","128-47-45","환경부","경상북도 영천시","신령면 화성리 131-3"
"20124035","포항시(가사리)","36-11-85","129-09-25","한국수자원공사","경상북도 포항시 북구 죽장면 가사리 387",""
"20124037","포항시(죽장면)","36-11-59","129-04-33","한국수자원공사","경상북도 포항시 북구 죽장면 현내리 552-1",""
"20124040","경산시(자인중학교)","35-49-13","128-49-18","환경부","경상북도 경산시","자인면 북사리 242 (자인중학교)"
"20124050","부산","36-03-00","129-00-00","기타","부산광역시 동구","초량동              부산청"
"20124060","신천","35-47-50","128-37-05","환경부","대구광역시 달성군","가창면 용계리 가창댐사무소"
"20124070","영천시(치산리)","36-03-34","128-43-24","환경부","경상북도 영천시","신령면 치산리 1950"
"20124080","대구시(오리)","35-47-02","128-36-02","환경부","대구광역시 달성군","가창면 오리 산110"
"20124090","대구시(신암동)","35-53-30","128-38-04","환경부","대구광역시 동구","불로동 1107-1 (보성2차APT앞)"
"20124100","영천시(정각리)","36-07-48","128-59-39","환경부","경상북도 영천시","화북면 정각리 336"
"20124118","영천시(영천댐)","36-04-23","129-02-17","한국수자원공사","경상북도 영천시 자양면 성곡리 113-2",""
"20124120","영천시(가수리)","36-00-06","129-04-41","환경부","경상북도 영천시","고경면 가수리 232-14"
"20124130","영천시(금창교)","35-55-50","128-52-32","환경부","경상북도 영천시","금호읍 교대리 661 (금창교)"
"20124150","대구시(성동교)","35-51-07","128-43-25","환경부","대구광역시 수성구","성동 566-1 (성동교)"
"20124160","칠곡군(금암리)","35-58-59","128-33-21","환경부","경상북도 칠곡군","동명면 금암리 225-15"
"20124170","경산시(와촌초교)","35-57-02","128-50-15","환경부","경상북도 경산시","와촌면 동강리 91 (와촌초교)"
"20124190","포항시(지동리)","36-08-13","129-03-58","한국수자원공사","경상북도 포항시 북구 죽장면 지동리 산49-5",""
"20124200","영천시(보현산댐)","36-07-40","128-56-56","한국수자원공사","경상북도 영천시 화북면","입석리 산2-1"
"20124210","영천시(굼이교)","36-08-57","128-55-22","한국수자원공사","경상북도 영천시","화북면 하송리 208-1"
"20134010","고령군(회천교)","35-43-45","128-16-40","환경부","경상북도 고령군","고령읍 장기리 331 (회천교)"
"20134020","합천군(야로면사무소)","35-42-19","128-10-04","환경부","경상남도 합천군","야로면 구정리 290-1 (야로면사무소)"
"20134030","성주군(옥화리)","35-53-37","128-11-18","환경부","경상북도 성주군","대가면 옥화리 358-1"
"20134040","성주군(신파리)","35-48-54","128-10-01","환경부","경상북도 성주군","수륜면 신파리 산78 (국도59호선 일원)"
"20144010","대구시(성하리)","35-42-10","128-26-03","환경부","대구광역시 달성군","현풍면 성하리 274 (현풍휴게소 뒤)"
"20144020","대구시(사문진교)","35-48-44","128-28-27","환경부","대구광역시 달성군","화원면 성산리 744-11 (사문진교)"
"20144030","고령군(고령교)","35-45-10","128-23-13","환경부","경상북도 고령군","성산면 삼대리 112-3 (고령교)"
"20154010","거창군(산포리)","35-49-28","127-55-08","환경부","경상남도 거창군","웅양면 산포리 1928-2"
"20154020","거창군(병곡리)","35-48-10","127-46-55","환경부","경상남도 거창군","북상면 병곡리 663-2"
"20154030","거창군(농산리)","35-46-09","127-48-45","한국수자원공사","경상남도 거창군","북상면 농산리 476-1"
"20154040","거창군(거열교)","35-40-49","127-54-00","한국수자원공사","경상남도 거창군","거창읍 원상동 거창3교"
"20154050","거창군(노현리)","35-48-29","127-54-38","한국수자원공사","경상남도 거창군","웅양면 노현리 975-4"
"20154060","거창군(덕산리)","35-36-00","127-54-57","한국수자원공사","경상남도 거창군","신원면 덕산리 214-1"
"20154070","거창군(우혜리)","35-45-31","127-59-30","한국수자원공사","경상남도 거창군","가북면 우혜리 산245-2"
"20154080","거창군(지산교)","35-39-48","128-00-60","한국수자원공사","경상남도 거창군","가조면 기리 지산교"
"20164020","합천군(남정교)","35-33-27","128-09-42","환경부","경상남도 합천군","대양면 정양리 613 (남정교)"
"20164030","합천군(황강교)","35-34-19","128-17-34","환경부","경상남도 합천군","적중면 죽고리 922-1 (황강교)"
"20174010","창녕군(본초리)","35-31-50","128-27-11","환경부","경상남도 창녕군","대지면 본초리 284-9"
"20174020","의령군(부림면사무소)","35-27-59","128-19-29","환경부","경상남도 의령군","부림면 신반리 545-2 (부림면사무소)"
"20174030","의령군(청계리)","35-28-43","128-14-11","환경부","경상남도 의령군","봉수면 청계리 34-1"
"20174040","합천군(적포교)","35-31-39","128-21-33","환경부","경상남도 합천군","청덕면 앙진리 1 (적포교)"
"20184020","마천2","35-23-40","127-40-00","환경부","경상남도 함양군","마천면 가흥리 마천면사무소"
"20184040","시천","35-16-00","127-50-00","기타","경상남도 산청군","시천면    현리  시천면사무소"
"20184060","남원시(화수리)","35-27-00","127-33-06","환경부","전라북도 남원시","운봉읍 화수리 751-2"
"20184070","함양군(중남리)","35-42-22","127-40-25","환경부","경상남도 함양군","서상면 중남리 897-1"
"20184100","산청군(홍계리)","35-21-05","127-50-31","환경부","경상남도 산청군","삼장면 홍계리 1058-5"
"20184110","산청군(상중리)","35-28-52","127-55-50","환경부","경상남도 산청군","차황면 상중리 458"
"20184120","수곡2","35-11-45","127-56-05","환경부","경상남도 진주시","수곡면 대천리 수곡면사무소"
"20184130","산청군(경호교)","35-25-05","127-52-28","한국수자원공사","경상남도 산청군","산청읍 산청리"
"20184140","산청군(창촌리)","35-16-12","127-53-34","한국수자원공사","경상남도 산청군","단성면 백운리"
"20184150","함양군(삼정리)","35-21-35","127-38-31","환경부","경상남도 함양군","마천면 삼정리 산115"
"20184160","산청군(동당리)","35-16-20","127-46-35","환경부","경상남도 산청군","시천면 동당리 573-5"
"20184170","합천군(소오리)","35-24-50","128-07-03","한국수자원공사","경상남도 합천군","삼가면 소오리"
"20184180","남원시(운봉읍)","35-26-53","127-33-49","한국수자원공사","전라북도 남원시","운봉읍 화수리 145-215"
"20184190","함양군(의탄리)","35-24-07","127-40-58","한국수자원공사","경상남도 함양군","마천면 의탄리"
"20184200","함양군(금천리)","35-37-40","127-48-56","한국수자원공사","경상남도 함양군","안의면 금천리"
"20184210","남원시(덕동리)","35-20-49","127-32-46","한국수자원공사","전라북도 남원시","산내면 덕동리"
"20184220","남원시(의지리)","35-31-40","127-36-57","한국수자원공사","전라북도 남원시","아영면 의지리"
"20184230","함양군(운곡리)","35-38-15","127-40-53","한국수자원공사","경상남도 함양군","서하면 운곡리"
"20184240","산청군(내대리)","35-17-03","127-43-26","한국수자원공사","경상남도 산청군","시천면 내대리"
"20184250","함양군(용평리)","35-30-49","127-43-53","한국수자원공사","경상남도 함양군","함양읍 용평리"
"20184260","산청군(내원리)","35-18-53","127-47-11","한국수자원공사","경상남도 산청군","삼장면 내원리"
"20184270","함양군(화촌리)","35-27-52","127-47-28","한국수자원공사","경상남도 함양군","유림면 화촌리"
"20184280","하동군(위태리)","35-12-04","127-50-37","한국수자원공사","경상남도 하동군","청암면 위태리"
"20184290","하동군(대곡리)","35-10-43","127-55-13","한국수자원공사","경상남도 하동군","옥종면 대곡리"
"20184300","진주시(자매리)","35-14-08","127-55-42","한국수자원공사","경상남도 진주시","수곡면 자매리"
"20184310","산청군(실매리)","35-29-30","127-55-56","한국수자원공사","경상남도 산청군","차황면 실매리"
"20184320","산청군(하정리)","35-19-12","127-59-45","한국수자원공사","경상남도 산청군","신안면 하정리"
"20184340","구례군(문수리)","35-17-36","127-31-44","환경부","전라남도 구례군","토지면 문수리"
"20184350","산청군(장천리)","35-24-32","127-59-28","한국수자원공사","경상남도 산청군","신등면 장천리 484-3"
"20184360","산청군(향양리)","35-33-16","127-51-44","한국수자원공사","경상남도 산청군","생초면 향양리 728-2"
"20194020","진주시(장대동)","35-11-26","128-05-12","한국수자원공사","경상남도 진주시","장대동 356-17"
"20194030","진주시(운천리)","35-10-24","128-15-48","환경부","경상남도 진주시","일반성면 운천리 867"
"20194040","함안군(대사교)","35-15-18","128-25-34","환경부","경상남도 함안군","함안면 대산리 1242-2(대사교)"
"20194050","의령군(정암교)","35-18-48","128-17-43","환경부","경상남도 의령군","의령읍 정암리 430-43 ((구)정암교)"
"20194060","의령군(성산리)","35-23-27","128-25-45","환경부","경상남도 의령군","지정면 성산리 1106-4"
"20194070","의령군(칠곡초교)","35-20-28","128-11-41","환경부","경상남도 의령군","칠곡면 외조리 85-2 (칠곡초교)"
"20194075","고성군(두문교)","35-05-55","128-11-27","환경부","경상남도 고성군","영오면 오서리 1611-1 (두문교)"
"20204010","창녕군(영산면사무소)","35-27-13","128-31-40","환경부","경상남도 창녕군","영산면 동리 137-3 (영산면사무소)"
"20204020","창원시(수산대교)","35-21-55","128-42-51","환경부","경상남도 창원시","의창구 대산면 모산리 701 (수산대교)"
"20204030","창녕군(청암리)","35-23-44","128-36-03","환경부","경상남도 창녕군","부곡면 청암리 1110 (청암취수장옆)"
"20204040","함안군(계내리)","35-23-00","128-29-01","환경부","경상남도 함안군","칠서면 계내리 343 (진동양수장옆)"
"20204050","밀양시(내진초교)","35-31-22","128-39-07","환경부","경상남도 밀양시","무안면 양효리 349 (구 내진초교)"
"20214010","밀양2","35-29-00","128-45-00","기타","경상남도 밀양군","밀양읍 내일동"
"20214020","밀양시(남포동)","35-27-40","128-47-07","환경부","경상남도 밀양시","남포동 408"
"20214030","밀양시(용전리)","35-33-57","128-51-45","환경부","경상남도 밀양시","산내면 용전리 산192-1"
"20214040","청도군(삼신리)","35-40-51","128-43-34","환경부","경상북도 청도군","화양읍 삼신리 1110-10"
"20214050","경산시(곡신리)","35-47-31","128-52-21","환경부","경상북도 경산시","용성면 곡신리 858-36"
"20214060","경주시(내칠리)","35-46-27","129-01-25","한국수자원공사","경상북도 경주시","산내면 내칠리 1051-1"
"20214090","청도군(현리리)","35-38-51","128-35-40","환경부","경상북도 청도군","현리리 879-7"
"20214100","양산시(선리)","35-31-06","129-00-10","한국수자원공사","경상남도 양산시","원동면 선리 202"
"20214110","밀양시(밀양댐)","35-29-03","128-55-47","한국수자원공사","경상남도 밀양시 단장면","고례2길 79-10"
"20214120","청도군(신원리)","35-39-38","129-00-14","한국수자원공사","경상북도 청도군","운문면 신원리"
"20214130","청도군(운문댐)","35-42-55","128-42-55","한국수자원공사","경상북도 청도군","운문면 대천리"
"20214135","경주시(대현리)","35-43-36","129-00-53","한국수자원공사","경상북도 경주시","산내면 대현리 3127-32"
"20214140","울산시(이천리)","35-33-52","129-00-53","한국수자원공사","경상북도 울주군","상북면 이천리 254-3"
"20224010","양산시(상북면사무소)","35-25-06","129-03-52","환경부","경상남도 양산시","상북면 석계리 272-20 (상북면사무소 옥상)"
"20224020","금천","35-25-00","128-54-00","기타","경상북도 청도군","금천면    동곡리    금천면사무소"
"20224030","김해시(전하동)","35-12-01","128-51-47","환경부","경상남도 김해시","전하동 1227-2"
"20224040","양산시(양산교)","35-21-27","129-02-10","환경부","경상남도 양산시","신기동 600 (양산교)"
"20224050","밀양시(삼랑진교)","35-22-57","128-49-18","환경부","경상남도 밀양시","삼랑진읍 삼랑리 854 (삼랑진교)"
"20224060","부산시(구포대교)","35-12-13","128-59-37","환경부","부산광역시 북구","구포동 1065-1 (구포대교)"
"21014010","포항시(현내리)","36-04-32","129-11-43","환경부","경상북도 포항시","북구 기계면 현내리 1112"
"21014020","경주시(시래동)","35-46-22","129-18-14","환경부","경상북도 경주시","시래동 945-49 (시래교 인근)"
"21014030","경주시(안계댐)","36-01-66","129-15-70","한국수자원공사","경상북도 경주시 강동면 안계리 산10",""
"21014040","경주시(신평리)","35-51-31","129-05-06","환경부","경상북도 경주시","건천읍 신평리 1267"
"21014050","포항시(용기리)","36-07-06","129-09-18","환경부","경상북도 포항시","북구 기북면 관천리 593"
"21014060","경주시(옥산리)","35-59-42","129-10-45","환경부","경상북도 경주시","안강읍 옥산리 464-2"
"21014070","경주시(서천교)","35-50-17","129-12-06","환경부","경상북도 경주시","서악동 1491-1 (서천교)"
"21014080","경주시(검단리)","35-55-58","129-12-28","환경부","경상북도 경주시","안강읍 검단리 1468-28"
"21014090","울산시(봉월초교)","35-42-05","129-12-25","환경부","울산광역시 울주군","두동면 봉계리 1030-3 (봉월초교)"
"21014100","경주시(달성교)","36-03-07","129-14-18","환경부","경상북도 경주시","안강읍 노당리 1503 (달성교)"
"21014110","경주시(화산리)","35-55-21","129-17-25","환경부","경상북도 경주시","천북면 화산리 산86-2"
"21014120","경주시(박달리)","35-44-51","129-08-51","환경부","경상북도 경주시","내남면 박달리 2069-2"
"21014130","경주시(덕동)","35-50-36","129-19-17","환경부","경상북도 경주시","덕동 산44-4"
"21014140","경주시(국당리)","35-59-39","129-17-46","환경부","경상북도 경주시","강동면 국당리 산92"
"22014010","울산시(덕현리)","35-36-30","129-02-28","환경부","울산광역시 울주군","상북면 덕현리 1199-1 (가지산터널관리사무소)"
"22014020","울산시(신답교)","35-37-47","129-20-45","환경부","울산광역시 북구","상안동 320-1 (신답교)"
"22014030","울산시(삼동초교)","35-31-25","129-09-31","환경부","울산광역시 울주군","삼동면 하잠리 953-2 (삼동초교)"
"22014040","척과","35-36-44","129-16-43","기타","울산광역시 울주군","범서면 척과리 척과초등학교"
"22014050","경주시(연안리)","35-43-19","129-19-24","환경부","경상북도 경주시","외동읍 연안리 80-7"
"22014054","울산시(사연댐)","35-34-40","129-11-46","한국수자원공사","울산광역시 울주군 범서읍 사연리","산 96-2"
"22014060","울산시(대암댐)","35-32-43","129-10-59","한국수자원공사","울산광역시 울주군 언양읍 구수리",""
"22014080","울산시(태화교)","35-33-10","129-18-33","환경부","울산광역시 중구","성남동 337 (태화교)"
"22014082","울산시(구미리)","35-39-24","129-11-46","한국수자원공사","울산광역시 울주군 두동면 구미리 566-1",""
"22014084","울산시(천전리)","35-37-07","129-10-08","한국수자원공사","울산광역시 울주군 두동면 천전리 306",""
"22014090","울산시(사연교)","35-34-20","129-12-16","환경부","울산광역시 울주군","범서읍 사연리 703-1 (사연교)"
"23014010","양산시(삼호동)","35-25-08","129-10-20","환경부","경상남도 양산시","삼호동 953"
"23014011","울산시(선암댐)","35-30-57","129-19-53","한국수자원공사","울산관역시 남구 선암동","산 20-7"
"24014010","영양군(신원리)","36-45-42","129-12-35","환경부","경상북도 영양군","수비면 신원리 330-4 (국도 88호선 일원)"
"24034010","경주시(감포댐)","35-49-59","129-30-46","한국수자원공사","경상북도 경주시 감포읍 오류리 산 16-2",""
"24034020","포항시(문덕3교)","35-57-06","129-24-23","환경부","경상북도 포항시 남구 오천읍","문덕리 131-1"
"25034050","거제시(구천댐)","34-50-40","128-39-59","한국수자원공사","경상남도 거제시 신현읍 삼거리 529-4",""
"25034052","거제시(연초댐)","34-56-10","128-40-09","한국수자원공사","경상남도 거제시 연초면 덕치리 107",""
"25044010","부산시(을숙도)","35-06-35","128-56-53","환경부","부산광역시 사하구","하단동 1149-6번지 (홍수통제소)"
"30014010","진안군(마을지원센터)","35-46-60","127-25-23","환경부","전라북도 진안군","진안읍 진무로 975"
"30014020","무주군(안성초교)","35-51-56","127-39-18","환경부","전라북도 무주군","안성면 칠연로 58"
"30014030","용담","35-56-39","127-32-10","환경부","전라북도 진안군","용담면    옥거리    용담초교"
"30014040","장수군(장수초교)","35-38-51","127-31-22","환경부","전라북도 장수군","장수읍 향교길 11-8"
"30014070","천천","","","기타","전라북도 장수군","춘송리              천천국교"
"30014080","진안군(대불리)","35-57-42","127-21-54","환경부","전라북도 진안군","주천면 대불리 1138"
"30014090","진안","35-54-34","127-25-58","한국수자원공사","",""
"30014100","장수","35-38-53","127-31-22","한국수자원공사","",""
"30014120","무주군(원통사)","35-49-02","127-41-50","환경부","전라북도 무주군","안성면 죽천리 산175-1"
"30014130","계북","35-47-05","127-38-03","한국수자원공사","",""
"30014140","진안군(황금리)","35-51-36","127-24-12","한국수자원공사","전라북도 진안군","부귀면 황금리 산118-9"
"30014150","진안군(주평리)","35-48-11","127-29-10","한국수자원공사","전라북도 진안군","상전면 주평리 579-5"
"30014160","장수군(장판리)","35-40-54","127-30-49","한국수자원공사","전라북도 장수군","천천면 장판리 418-1"
"30014170","진안군(신괴리)","35-52-01","127-32-48","한국수자원공사","전라북도 진안군","안천면 신괴리 177-1"
"30014180","장수군(삼봉리)","35-42-54","127-36-03","한국수자원공사","전라북도 장수군","장계면 삼봉리 748-4"
"30014190","장수군(원촌리)","35-48-27","127-37-46","한국수자원공사","전라북도 장수군","계북면 원촌리 1050-58"
"30014210","진안군(주양리)","35-58-04","127-25-34","한국수자원공사","전라북도 진안군","주천면 주양리 산17-9"
"30034010","무주군(무주중앙초교)","36-00-43","127-39-47","환경부","전라북도 무주군","무주읍 읍내리 향학로 87"
"30034020","무주군(적상초교)","35-55-54","127-39-24","환경부","전라북도 무주군","적상면 사산리 1235-1"
"30034030","무주군(삼가리)","35-53-35","127-39-38","한국수자원공사","전라북도 무주군","적상면 삼가리 산329-1"
"30034040","무주군(구천정수장)","35-53-09","127-46-37","환경부","전라북도 무주군","설천면 백련사길 132"
"30034050","무주군(증산리)","35-56-47","127-50-50","한국수자원공사","전라북도 무주군","무풍면 증산리 791-2"
"30034060","무주군(기곡리)","36-00-46","127-43-05","한국수자원공사","전라북도 무주군","설천면 기곡리 408-1"
"30044010","영동","36-11-00","127-47-00","기타","충청북도 영동군","영동읍              영동농고"
"30044020","금산","36-06-00","127-30-00","기타","전라북도 금산군","금산읍    중도리    금산군청"
"30044030","금산군(선원리)","36-04-14","127-32-12","한국수자원공사","충청남도 금산군","부리면 선원리 산142"
"30044040","영동군(산막리)","36-06-41","127-47-29","한국수자원공사","충청북도 영동군","양강면 산막리 산17-1"
"30054010","상주시(삼포리)","36-20-19","127-57-28","환경부","경상북도 상주시","모서면 삼포리 산22-4"
"30054020","영동군(궁촌리)","36-06-28","127-55-03","환경부","충청북도 영동군","상촌면 궁촌5길 6"
"30054030","영동군(남성리)","36-14-09","127-54-59","한국수자원공사","충청북도 영동군","황간면 남성리 산4-1"
"30054040","상주시(화동초교)","36-23-32","127-57-07","환경부","경상북도 상주시","화동면 이소1길 78"
"30054050","상주시(화령초교)","36-26-51","127-57-08","환경부","경상북도 상주시","화서면 화령로 57"
"30054060","영동군(웅북리)","36-15-25","128-01-13","환경부","충청북도 영동군","추풍령면 웅북리 555-11"
"30054070","상주시(득수리)","36-19-52","127-54-01","한국수자원공사","경상북도 상주시","모서면 득수리 250-1"
"30054080","영동군(궁촌리2)","36-19-52","127-55-44","한국수자원공사","충청북도 영동군","상촌면 궁촌리 128-1"
"30064010","개심","36-12-00","127-38-00","기타","충청북도 옥천군","이원면    개심리"
"30064020","옥천군(원동리)","36-14-20","127-39-09","한국수자원공사","충청북도 옥천군","이원면 원동리 산26-2"
"30074010","옥천군(청산초교)","36-20-46","127-47-39","환경부","충청북도 옥천군","청산면 지전길 36-19"
"30074030","보은군(삼산초교)","36-29-06","127-42-60","환경부","충청북도 보은군","보은읍 보은로 109-6"
"30074040","보은","36-28-00","127-44-00","환경부","",""
"30074050","보은군(관기초교)","36-26-08","127-49-19","환경부","충청북도 보은군","마로면 관기송현로 109"
"30074060","보은군(구병리)","36-28-31","127-52-38","한국수자원공사","충청북도 보은군","속리산면 구병리 산5"
"30074070","옥천군(도로관리사업소)","36-22-24","127-44-03","환경부","충청북도 옥천군","청성면 남부로 3172"
"30074080","보은군(동정리)","36-28-25","127-39-51","환경부","충청북도 보은군","수한면 동정리 75-3"
"30074090","보은군(이원리)","36-32-32","127-40-40","환경부","충청북도 보은군","내북면 이원리 234-3"
"30074100","옥천군(묘금리)","36-16-33","127-43-56","환경부","충청북도 옥천군","청성면 묘금리 67-2"
"30074110","보은군(송죽초교)","36-26-14","127-44-04","환경부","충청북도 보은군","삼승면 남부로 3927"
"30074130","보은군(삼가분교)","36-29-28","127-51-39","환경부","충청북도 보은군","속리산면 삼가구병길 9"
"30074140","보은군(신함리)","36-31-00","127-43-38","한국수자원공사","충청북도 보은군","보은읍 신함리 452-2"
"30074150","옥천군(산계리)","36-18-39","127-44-14","한국수자원공사","충청북도 옥천군","청성면 산계리 산64"
"30074160","부여군(삼산리)","36-20-34","126-43-01","한국수자원공사","충청남도 부여군","외산면 삼산리 84"
"30084010","옥천","36-17-50","127-35-55","환경부","충청북도 옥천군","옥천면 매화리 농업기술센터"
"30084030","옥천군(안내초교)","36-23-39","127-39-42","환경부","충청북도 옥천군","안내면 현리길 74"
"30084040","옥천군(대정리)","36-23-05","127-32-30","한국수자원공사","충청북도 옥천군","군북면 대정리 답574-8"
"30084050","금산군(마전리)","36-11-24","127-28-10","한국수자원공사","충청남도 금산군","추부면 마전리 353-2"
"30084060","금산군(상곡리)","36-12-17","127-34-35","한국수자원공사","충청북도 옥천군","이원면 윤정리 268-1"
"30084070","청주시(문화재조사연구단)","36-27-18","127-26-39","환경부","충청북도 청주시","서원구 현도면 노산2길 3-57"
"30084080","청원군(상장리)","36-30-46","127-30-31","한국수자원공사","충청북도 청주시","문의면 상장리 산1-8"
"30084090","옥천군(인포리)","36-22-11","127-39-22","한국수자원공사","충청북도 옥천군","안내면 인포리 390-2"
"30094010","금산군(신대리)","36-12-50","127-22-45","환경부","충청남도 금산군","복수면 신대리 448"
"30094020","대전시(원촌교)","36-22-42","127-24-36","환경부","대전광역시 대덕구","대화동 원촌교"
"30094030","대전시(두계교)","36-15-59","127-16-44","환경부","대전광역시 유성구","방동 두계교"
"30094040","대전시(만년교)","36-21-06","127-20-59","환경부","대전광역시 서구","월평동 만년교"
"30094050","대전시(인창교)","36-19-25","127-26-04","환경부","대전광역시 동구","인동 인창교"
"30104010","세종시(부강면사무소)","36-31-45","127-22-16","환경부","세종특별자치시","부강면 부강5길 38"
"30114010","천안시(병천초교)","36-45-54","127-18-00","환경부","충청남도 천안시","병천면 병천2로 35"
"30114020","청주시(흥덕교)","36-38-48","127-28-53","환경부","충청북도 청주시","흥덕구 운천동 흥덕교"
"30114030","진천군(진천여중)","36-52-09","127-27-22","환경부","충청북도 진천군","진천읍 성석리 산8-6"
"30114040","청주시(가덕초교)","36-34-41","127-34-39","환경부","충청북도 청주시상당구","가덕면 병암리 97-1"
"30114050","음성군(대소보건지소)","36-58-21","127-29-02","환경부","충청북도 음성군","대소면 오태로 57-16"
"30114060","증평군(반탄교)","36-47-01","127-34-21","환경부","충청북도 증평군","증평읍 초중리 518 (반탄교)"
"30114070","세종시(농정원)","36-35-33","127-17-33","환경부","세종특별자치시","조치원읍 군청로 87-16"
"30114090","음성군(쌍봉리)","37-00-10","127-33-19","환경부","충청북도 음성군","금왕면 쌍봉리 488"
"30114100","천안시(화청교)","36-45-43","127-23-53","환경부","충청남도 천안시","동면 화덕리 650"
"30114110","옥산","36-40-28","127-21-42","환경부","충청북도 청원군 옥산면","환희리"
"30114120","초평","36-50-49","127-31-54","환경부","충청북도 진천군 초평면","용정리 금곡교"
"30124010","공주시(금강교)","36-28-13","127-07-40","환경부","충청남도 공주시","신관동 금강교입구"
"30124020","부여군(홍산초교)","36-13-03","126-45-45","환경부","충청남도 부여군","홍산면 홍산로111번길 7"
"30124030","부여","36-16-00","126-55-00","기타","충청북도 부여군","부여읍    구료리"
"30124040","청양군(청양읍사무소)","36-27-13","126-48-24","환경부","충청남도 청양군","청양읍 칠갑산로9길 32"
"30124050","청양군(119안전센터)","36-25-05","126-56-24","환경부","충청남도 청양군","정산면 용두리 76-8"
"30124060","공주시(정안면사무소)","36-36-31","127-07-13","환경부","충청남도 공주시","정안면 정안중앙길 157"
"30124070","공주시(반포중)","36-24-13","127-14-35","환경부","충청남도 공주시","반포면 원당1길 28"
"30124080","공주시(복룡리)","36-20-44","127-04-05","환경부","충청남도 공주시","이인면 복룡리 562-4"
"30124090","부여군(백제교)","36-16-33","126-53-30","환경부","충청남도 부여군","규암면 규암리 백제교"
"30124100","공주시(유구초교)","36-33-13","126-57-02","환경부","충청남도 공주시","유구읍 석남리 196-1"
"30124110","세종시(문성교)","36-30-53","127-11-46","환경부","세종특별자치시","장군면 평기리 349-9"
"30124120","우성","36-28-57","127-02-36","환경부","충청남도 공주시 사곡면","화월리 국재교"
"30134010","논산시(연산중)","36-12-48","127-12-25","환경부","충청남도 논산시","연산면 청동로 113-14"
"30134020","완주군(장선초교)","36-05-28","127-16-45","환경부","전라북도 완주군","운주면 장선리 505-1"
"30134030","탑정","36-10-32","127-09-00","한국농어촌공사","충청남도 논산군","가야곡면  동면리"
"30134040","논산시(동산초교)","36-08-25","127-14-30","환경부","충청남도 논산시","양촌면 황산벌로 436번길 43-4"
"30134050","논산시(토양리)","36-08-57","127-06-09","환경부","충청남도 논산시","은진면 토양리 69(도)"
"30144010","논산시(황산리)","36-09-16","127-00-31","환경부","충청남도 논산시","강경읍 금백로 45"
"30144020","익산시(함열초교)","36-04-47","126-57-55","환경부","전라북도 익산시","함열읍 함열8길 2"
"30144030","서천군(망월리)","36-01-46","126-45-25","환경부","충청남도 서천군","화양면 망월리 2-1"
"30144040","서천군(충남디자인예술고)","36-05-21","126-48-13","환경부","충청남도 서천군","한산면 한마로 114"
"30144050","익산시(연동리)","36-02-02","127-02-06","환경부","전라북도 익산시","삼기면 연동리 산1-1"
"31014010","홍성군(홍성초교)","36-35-59","126-39-28","환경부","충청남도 홍성군","홍성읍 조양로 43"
"31014020","예산군(예산국토)","36-41-23","126-47-52","환경부","충청남도 예산군","오가면 오가중앙로 69"
"31014030","예산군(덕산면사무소)","36-42-05","126-39-55","환경부","충청남도 예산군","덕산면 덕산온천로 391"
"31014040","삽교호","36-53-16","126-49-46","한국농어촌공사","충청남도 당진군 신평면","운정"
"31014050","예당","37-54-00","126-30-00","한국농어촌공사","충청남도 예산군 대흥면","노동"
"31014060","궁평","36-44-00","127-00-00","한국농어촌공사","충청남도 아산시 송악면","궁평리"
"31014070","아산","36-46-48","127-00-44","한국농어촌공사","충청남도 아산시 모종면",""
"31014090","당진시(순성초교)","36-50-36","126-42-42","환경부","충청남도 당진시","순성면 순성로 473"
"31014100","청양군(가남초교)","36-30-57","126-47-17","환경부","충청남도 청양군","비봉면 록평리 28-9"
"31014110","예산군(신양리)","36-35-59","126-51-40","환경부","충청남도 예산군","신양면 신양리 434"
"31014120","아산시(초사초교)","36-45-05","126-58-24","환경부","충청남도 아산시","초사길 122"
"31014130","아산시(동방초교)","36-46-47","127-06-48","환경부","충청남도 아산시","배방읍 휴대세교길 7-7"
"31014140","천안시(신흥교)","36-42-11","127-06-48","환경부","충청남도 천안시","동남구 광덕면 매당리 신흥교"
"31014150","아산시(강청교)","36-49-18","126-56-01","환경부","충청남도 아산시","염치읍 강청리 강청교"
"31014160","광시","36-33-39","126-46-45","한국농어촌공사","충청남도 예산군","광시면 광시리 광시교"
"31014170","대흥","36-38-16","126-48-54","한국농어촌공사","충청남도 예산군","대흥면 노동리 대흥관리소"
"31014180","송석","36-41-05","126-56-42","한국농어촌공사","충청남도 예산군","대술면 송석리 송석저수지"
"31014190","예산2","36-40-05","126-50-07","한국농어촌공사","충청남도 예산군","예산읍 주교리 농진공예산지사"
"31014192","예산군(은사교)","36-33-39","126-46-45","환경부","충청남도 예산군","광시면 용두리 은사교"
"31014195","신대교","36-34-10","126-47-07","한국농어촌공사","충청남도 예산군 광시면","관음리 190-15 인근 교량"
"31014198","배약교","36-36-42","126-50-56","한국농어촌공사","충청남도 예산군 신양면","녹문리 308번지 인근 교량"
"32034010","보령시(미산면사무소)","36-12-39","126-40-39","환경부","충청남도 보령시","미산면 내평리 357-2"
"32034020","보령시(미산초교)","36-17-19","126-40-40","환경부","충청남도 보령시","미산면 도화담리 94"
"32034050","보령시(보령댐)","36-14-50","126-37-58","한국수자원공사","충청남도 보령시","미산면 용수리 산39-1"
"32034060","보령시(도화담리)","36-17-11","126-40-48","한국수자원공사","충청남도 보령시","미산면 도화담리 79"
"32034070","청천","36-22-46","126-37-32","한국농어촌공사","충남 보령시 죽정동","48-1"
"33014010","완주군(고산중교)","35-58-43","127-12-30","환경부","전라북도 완주군","고산면 읍내3길 41 고산중학교"
"33014020","군산시(임피초교)","35-59-15","126-50-56","환경부","전라북도 군산시","임피면 읍내리 임피초등학교"
"33014030","경천","36-01-16","127-14-20","한국농어촌공사","전라북도 완주군 경천면","경천"
"33014040","대아","35-58-57","127-15-47","한국농어촌공사","전라북도 완주군 고산면","소향"
"33014050","동상","35-57-11","127-16-27","한국농어촌공사","전라북도 완주군 동상면","수만"
"33014060","대천","35-53-47","127-04-40","환경부","전라북도 완주군 삼례읍","삼례리 삼례교"
"33014070","완주군(구이초교)","35-43-13","127-07-12","환경부","전라북도 완주군","구이면 항가리 구이초등학교"
"33014080","김제시(용지초교)","35-51-17","126-57-32","환경부","전라북도 김제시","용지면 구암리 용지초등학교"
"33014090","익산시(미륵초교)","36-00-05","127-01-21","환경부","전라북도 익산시","금마면 용순리 미륵초등학교"
"33014100","전주시(미산교)","35-52-46","127-05-51","환경부","전라북도 전주시","덕진구 전미동2가 미산교"
"33014110","완주군(용봉교)","35-56-31","127-10-15","환경부","전라북도 완주군","봉동읍 장기리 용봉교"
"33014120","완주군(용진초교)","35-51-26","127-10-32","환경부","전라북도 완주군","용진면 상삼리 용진초등학교"
"33024020","김제시(금구초교)","35-46-27","127-00-47","환경부","전라북도 김제시","금구면 금구리 금구초등학교"
"33024030","정읍시(고부초교)","35-37-17","126-46-17","환경부","전라북도 정읍시","고부면 고부리 고부초등학교"
"33024040","김제시(김제중앙중교)","35-49-42","126-53-20","환경부","전라북도 김제시","옥산동 김제중앙중학교"
"33024050","정읍시(태인중교)","35-39-14","126-56-14","환경부","전라북도 정읍시","태인면 태성리 태인중학교"
"33024070","정읍시(산외중교)","35-37-08","127-02-41","환경부","전라북도 정읍시","산외면 정량리 산외중학교"
"33024080","정읍시(정읍북초교)","35-34-43","126-50-58","환경부","전라북도 정읍시","농소동 정읍북초등학교"
"33034030","부안군(부안댐)","35-40-43","126-34-18","한국수자원공사","전라북도 부안군","변산면 부안댐로 286-26"
"33034040","부안군(부안청림천문대)","35-39-28","126-36-55","한국수자원공사","전라북도 부안군 상서면","청림리 523-3"
"40014030","약수","35-25-29","126-55-40","한국농어촌공사","전라남도 장성군 북하면","약수리"
"40014050","순창군(시산리)","35-29-06","126-56-22","한국수자원공사","전라북도 순창군","쌍치면 시산리"
"40014060","임실군(용암리)","35-38-26","127-12-26","한국수자원공사","전라북도 임실군","신평면 용암리"
"40014070","진안군(도통리)","35-42-30","127-20-48","한국수자원공사","전라북도 진안군","성수면 도통리"
"40024010","강진","35-31-37","127-09-55","환경부","",""
"40024020","임실군(섬진강댐)","35-32-22","127-06-49","한국수자원공사","전라북도 임실군","강진면 용수리 산5"
"40024030","임실군(일중리)","35-29-47","127-09-00","환경부","전라북도 임실군","덕치면 일중리"
"40024040","임실군(두복리)","35-34-03","127-10-08","환경부","전라북도 임실군","청웅면 두복리 백련산정상"
"40024050","순창군(평남리)","35-25-24","127-12-57","환경부","전라북도 순창군","적성면 평남리"
"40024060","임실군(청웅면사무소)","35-34-10","127-12-04","환경부","전라북도 임실군 청웅면",""
"40034010","임실군(문화체육센터)","35-32-43","127-19-59","환경부","전라북도 임실군","오수면 오수리 임실군문화체육센터"
"40034020","순창군(현포리)","35-26-22","127-14-43","환경부","전라북도 순창군","동계면 현포리"
"40034030","임실군(오봉리)","35-37-48","127-20-52","환경부","전라북도 임실군","성수면 오봉리"
"40044010","곡성군(옥과톨게이트)","35-15-41","127-07-01","환경부","전라남도 곡성군","오산면 연화리 (옥과TG)"
"40044020","순창","35-22-18","127-08-25","환경부","",""
"40044030","순창군(옥천교)","35-22-29","127-08-00","환경부","전라북도 순창군","순창읍 순화리 옥천교"
"40044040","순창군(유적교)","35-23-34","127-12-33","환경부","전라북도 순창군","적성면 고원리 유적교"
"40044060","남원시(신덕리)","35-19-53","127-12-60","환경부","전라북도 남원시","대강면 신덕리"
"40044070","곡성군(괴소리)","35-13-40","127-13-33","환경부","전라남도 곡성군 삼기면",""
"40054020","남원시(동림교)","35-24-31","127-23-29","환경부","전라북도 남원시","신촌동 동림교"
"40054030","장수군(동화저수지)","35-32-44","127-32-19","환경부","전라북도 장수군","번암면 죽림리 (동화저수지)"
"40054040","남원시(요천대교)","35-19-08","127-18-41","환경부","전라북도 남원시","송동면 세전리 요천대교"
"40064010","곡성군(고달교)","35-17-41","127-19-46","환경부","전라남도 곡성군","고달면 뇌죽리 고달교 상류"
"40074020","복내","34-53-21","127-07-28","환경부","",""
"40074030","보성","35-45-45","127-05-37","환경부","",""
"40074040","보성","34-48-08","127-08-50","한국수자원공사","전라남도 보성군","겸백면 용산리 산 35-1"
"40074050","화순군(동복댐)","35-04-50","127-06-15","한국수자원공사","전라남도 화순군","동복면 연월리 산 127-2"
"40074060","보성군(복내리)","34-53-36","127-08-12","한국수자원공사","전라남도 보성군","복내면 복내리 197-6"
"40074070","순천시(우산리)","34-58-14","127-13-34","한국수자원공사","전라남도 순천시","송광면 우산리 795-5"
"40074080","순천시(주암댐)","35-03-30","127-14-19","한국수자원공사","전라남도 순천시","주암면 구산리 786-1"
"40074082","장흥군(봉동리)","34-46-43","127-00-34","한국수자원공사","전라남도 장흥군","장동면 봉동리 245-1"
"40074090","보성군(보성강댐)","34-48-08","127-08-50","한국수자원공사","전라남도 보성군","겸백면 용산리 산 35-1(취수탑)"
"40074092","보성강댐","34-47-02","127-09-14","한국수력원자력","전남 보성군","득량면 충의로 1771-1"
"40074126","웅치","34-41-56","127-00-21","한국수력원자력","전라남도 보성군 웅치면 용반리",""
"40074127","장평","34-47-56","126-55-59","한국수력원자력","전라남도 장흥군 장평면 봉림리",""
"40074140","화순군(동가리)","34-57-48","127-03-58","한국수자원공사","전라남도 화순군","한천면 동가리 311-8"
"40074143","화순군(맹리)","35-10-32","127-05-44","한국수자원공사","전라남도 보성군","북면 맹리 568-3"
"40074145","보성교","34-46-14","127-05-40","한국수력원자력","전라남도 보성군 보성읍","옥평리 893-5 보성교(구)"
"40074146","죽동교","34-47-34","127-00-05","한국수력원자력","전라남도 장흥군 장평면","녹양리 557"
"40074147","광곡교","34-47-42","127-04-25","한국수력원자력","전라남도 보성군 노동면","광곡리 758-1"
"40084010","곡성군(태안교)","35-09-37","127-20-48","환경부","전라남도 곡성군","죽곡면 유봉리 태안교"
"40084020","곡성군(석곡톨게이트)","35-07-36","127-15-00","환경부","전라남도 곡성군","석곡면 유정리 (석곡TG)"
"40094010","하동","35-04-15","127-44-33","기타","경상남도 하동","하동 읍내"
"40094030","삼일암","35-15-38","127-28-01","기타","전라남도 구례군","광의군 방광리"
"40094040","범왕","35-16-55","127-37-15","기타","경상남도 하동","화개 범왕"
"40094050","하동군(묵계리)","35-14-35","127-42-34","환경부","경상남도 하동군","청암면 묵계리 (주차장)"
"40094060","구례군(구례교)","35-09-56","127-27-15","환경부","전라남도 구례군","구례읍 신월리 구례교"
"40094070","구례군(문수리경로당)","35-13-24","127-31-14","환경부","전라남도 구례군","토지면 상죽길 8 문수리경로당"
"40094080","하동군(쌍계초교)","35-14-02","127-38-42","환경부","경상남도 하동군","화개면 운수리 쌍계초등학교"
"40094090","하동군(읍내리)","35-04-00","127-44-26","환경부","경상남도 하동군","하동읍 읍내리"
"40094100","하동군(횡천초교)","35-06-39","127-48-30","환경부","경상남도 하동군","횡천면 횡천리 횡천초등학교"
"40094110","곡성군(예성교)","35-11-55","127-22-27","환경부","전라남도 곡성군","오곡면 압록리"
"40094120","광양시(남도대교)","35-10-54","127-37-35","환경부","전라남도 광양시","다압면 하천리"
"40094140","광양시(다압취수장)","35-08-14","127-40-60","환경부","전라남도 광양시","다압면 고사리(다압취수장)"
"40094150","순천시(괴목리)","35-06-06","127-25-43","환경부","전라남도 순천시","황전면 괴목리"
"40094160","구례군(서시교)","35-12-40","127-28-29","환경부","전라남도 구례군","구례읍 봉동리 서시교"
"40094170","구례군(문수리)","35-17-35","127-31-44","환경부","전라남도 구례군 토지면","문수리"
"41044020","순천시(주암조절지댐)","34-56-33","127-25-40","한국수자원공사","전라남도 순천시","상사면 용계리 산 212-1"
"41044030","순천시(죽학리)","34-59-16","127-21-54","한국수자원공사","전라남도 순천시","승주읍 죽학리 75-14"
"41044040","순천국토관리사무소","34-55-54","127-29-28","환경부","전라남도 순천시","덕월동 순천국토관리사무소"
"41054030","광양시(수어댐)","35-01-46","127-43-14","한국수자원공사","전라남도 광양시","진상면 섬거리 35-1"
"41054050","광양시(어치리)","35-04-35","127-40-41","한국수자원공사","전라남도 광양시","진상면 어치리 737"
"50014010","용면","35-22-00","126-59-00","한국농어촌공사","전라남도 담양군 용면",""
"50014020","광주광역시(대성초교)","35-08-37","126-54-17","환경부","광주광역시 남구","서동 대성초등학교"
"50014030","담양군(광주댐)","35-11-60","126-59-22","환경부","전라남도 담양군","고서면 분향리 광주댐내"
"50014040","광주광역시(무등산2중계소)","35-06-54","126-59-49","환경부","광주광역시 동구","용연동 무등산2중계소"
"50014050","담양군(담양댐)","35-22-24","127-00-50","환경부","전라남도 담양군","용면 도림리 취수탑 도교"
"50014060","담양군(삼지교)","35-16-14","126-56-09","환경부","전라남도 담양군","수북면 정중리 삼지교 하류"
"50014070","담양군(담양홍수조절지)","35-20-06","126-58-02","한국수자원공사","전라남도 담양군 월산면","화방리 201-3"
"50024010","장성","35-19-02","126-48-28","환경부","전라남도 장성군 장성읍","선산리 농촌지도소"
"50024020","장성군(백암저수지)","35-26-50","126-46-31","환경부","전라남도 장성군","북이면 백암리 백암제"
"50024030","장성군(장성댐)","35-21-16","126-49-11","환경부","전라남도 장성군","장성읍 용강리 취수탑"
"50024040","장성군(월평리)","35-17-26","126-46-37","환경부","전남 장성군 황룡면",""
"50024050","장성군(수산리)","35-18-14","126-40-15","한국수자원공사","전남 장성군 삼계면","수산리 789"
"50024051","장성군(평림댐)","35-17-07","126-40-57","한국수자원공사","전남 장성군 삼계면","수옥리 861-21"
"50034030","나주시(나주댐)","34-57-51","126-50-40","환경부","전라남도 나주시","다도면 판촌리 취수탑 도교"
"50034040","화순군(신성교)","35-00-12","126-53-47","환경부","전라남도 화순군","도곡면 평리 신성교 하류"
"50034050","광주광역시(양과동)","35-05-10","126-51-59","환경부","광주광역시 남구","양과동 (구)대촌동초등학교"
"50034060","화순군(동면초교)","35-01-52","127-02-29","환경부","전라남도 화순군","동면 장동리 동면초등학교"
"50034070","화순군(청풍초교)","34-52-31","126-58-16","환경부","전라남도 화순군","청풍면 차리 청풍초등학교"
"50034080","화순군(화순홍수조절지)","34-55-38","126-59-04","한국수자원공사","전라남도 화순군 청풍면","풍암리 91-1"
"50044010","영산포","34-59-38","126-47-54","환경부","전라남도 화순군 능주면","능주교"
"50044020","도암","34-59-04","126-43-56","환경부","전라남도 나주시 이창동","영산포여중"
"50044030","광주광역시(동곡초교)","35-05-52","126-46-23","환경부","광주광역시 광산구","하산동 동곡초등학교"
"50044040","나주시(봉황초교)","34-57-27","126-47-21","환경부","전라남도 나주시","봉황면 죽석리 봉황초등학교"
"50054010","장성군(삼서면사무소)","35-13-55","126-38-45","환경부","전라남도 장성군","삼서면 대곡리 삼서면사무소"
"50054020","함평군(나산교)","35-06-41","126-36-43","환경부","전라남도 함평군","나산면 삼축리 나산교 하류"
"50064020","함평군(기산초교)","35-04-04","126-31-04","환경부","전라남도 함평군","함평읍 기각리 기산초등학교"
"50074010","영암군(도포중교)","34-50-60","126-38-37","환경부","전라남도 영암군","도포면 구학리 도포중학교"
"50074020","영암군(장천초교)","34-45-20","126-34-54","환경부","전라남도 영암군 서호면",""
"50084010","하구언(내)","34-47-10","126-26-57","환경부","전라남도 영암군","삼호면 나불리 삼호대교"
"51014020","강진군(병영면사무소)","34-43-02","126-48-46","환경부","전라남도 강진군","병영면 성남리 병영면사무소"
"51014030","장흥군(조양리)","34-48-03","126-50-03","환경부","전라남도 장흥군","유치면 조양리 버스승강장옆"
"51014040","영암군(한대리)","34-48-23","126-47-04","한국수자원공사","전라남도 영암군","영암읍 한대리 262-1"
"51014050","장흥군(운월리)","34-50-11","126-51-13","한국수자원공사","전라남도 장흥군","유치면 운월리 603"
"51014060","장흥군(장흥댐)","34-45-01","126-53-20","한국수자원공사","전라남도 장흥군","부산면 지천리 133-1"
"51014070","탐진댐","34-45-09","126-53-38","한국수자원공사","전라남도 장흥군 부산면","지천리133-1"
"51014080","강진군(작천중교)","34-42-22","126-46-16","환경부","전라남도 강진군","작천면 평리3길 1 작천중학교"
"51014090","강진군(석교교)","34-38-10","126-48-59","환경부","전라남도 강진군","군동면 석교리 석교교 상류"
"51014100","장흥군(별천교)","34-43-53","126-54-22","환경부","전라남도 장흥군","부산면 금자리 별천교 하류"
"51014150","병영","34-42-52","126-49-09","환경부","전라남도 강진군 병영면","병영면사무소 내"
"53024010","목포","34-47-00","126-23-00","환경부","전라남도 목포시 유달동","서산국교"
"99999999","평림댐","35-18-14","126-40-15","한국수자원공사","전라남도 장성군","삼계면 수옥리 762-3"
