"obs_id","obs_name","lat","lon","gov_agency","attn_level","warn_level","danger_level"
"1001602","평창군(송정교)","37-37-27","128-33-04","환경부","3.1","4.1","5"
"1001603","태백시(무사교)","37-18-54","128-59-40","한국수자원공사","","",""
"1001605","송천1교","37-40-05","128-42-35","한국수력원자력","","",""
"1001607","삼척시(번천교)","37-21-52","128-59-47","한국수자원공사","","",""
"1001610","삼척시(광동댐)","37-20-37","128-56-50","한국수자원공사","","",""
"1001613","삼척시(광동교)","37-20-91","128-56-56","한국수자원공사","","",""
"1001615","삼척시(갈밭교)","37-22-18","128-54-50","한국수자원공사","","",""
"1001620","정선군(송계교)","37-29-39","128-50-57","환경부","1.5","2.7","3.1"
"1001622","정선군(혈천교)","37-27-53","128-50-49","환경부","3","4.4","5.5"
"1001625","정선군(송천교)","37-29-08","128-43-07","환경부","3.4","3.6","4.7"
"1001626","정선군(제1여량교)","37-28-24","128-43-45","환경부","4","5.2","6.5"
"1001629","정선군(남평대교)","37-26-20","128-39-11","환경부","4.5","5.5","6.5"
"1001630","정선군(나전교)","37-26-19","128-38-59","환경부","3","4","5"
"1001640","정선3","37-24-00","128-40-00","환경부","","",""
"1001645","정선군(와평교)","37-21-58","128-41-03","환경부","3.5","4","4.5"
"1001647","정선1","37-22-00","128-41-00","환경부","","",""
"1001649","정선군(애산교)","37-22-24","128-40-15","환경부","3","4.2","5.1"
"1001655","정선군(정선제1교)","37-22-42","128-39-26","환경부","3.5","4.5","6"
"1001658","정선군(광하교)","37-22-11","128-37-08","환경부","5.5","6.7","8.8"
"1001660","정선군(낙동교)","37-19-08","128-41-37","환경부","2","3","3.5"
"1001670","영월군(거운교)","37-14-05","128-30-44","환경부","3.5","8","10.3"
"1001680","영월2","37-13-00","128-30-39","한국수자원공사","","",""
"1001683","영월군(삼옥교)","37-12-26","128-30-37","한국수자원공사","","",""
"1001690","영월군(영월대교)","37-10-55","128-28-31","환경부","4.6","6","8"
"1002605","평창군(이목정교)","37-37-17","128-28-19","환경부","2.5","3.5","4"
"1002610","평창군(장평교)","37-35-11","128-24-46","환경부","1","1.7","2.3"
"1002615","평창군(진전교)","37-35-10","128-23-29","환경부","1.5","2.5","3.5"
"1002625","평창군(선애교)","37-28-28","128-24-36","환경부","3","3.9","5.2"
"1002630","대화","37-27-03","128-25-15","환경부","","",""
"1002635","평창군(사초교)","37-27-19","128-26-23","환경부","2.5","4","4.5"
"1002640","평창군(상방림교)","37-25-53","128-25-02","환경부","3","4.6","6"
"1002650","평창군(평창교)","37-22-04","128-24-22","환경부","2.5","4.6","6.2"
"1002655","영월군(판운교)","37-17-48","128-20-38","한국수자원공사","","",""
"1002675","횡성군(안흥교)","37-24-44","128-09-18","환경부","2","3.8","4.7"
"1002680","영월군(두학교)","37-17-47","128-11-33","환경부","2","3.5","4.6"
"1002685","영월군(주천교)","37-16-03","128-15-57","환경부","4","5","6"
"1002687","영월군(신천교)","37-13-47","128-19-54","환경부","4","5.5","6.5"
"1002690","후포","37-13-00","128-19-00","환경부","","",""
"1002693","영월군(농공단지교)","37-13-28","128-25-21","환경부","","",""
"1002694","영월군(연당교)","37-11-48","128-24-09","한국수자원공사","","",""
"1002695","영월군(북쌍리)","37-11-39","128-24-33","한국수자원공사","","",""
"1002698","영월군(팔괴교)","37-10-19","128-27-19","환경부","3","7.5","9.8"
"1003605","영월군(충혼교)","37-08-32","128-40-51","환경부","3","4","5"
"1003620","영월군(옥동교)","37-07-20","128-33-51","환경부","3.8","4","4.6"
"1003630","단양군(오사리)","37-05-55","128-30-39","한국수자원공사","","",""
"1003632","단양군(북벽교)","37-05-08","128-29-07","한국수자원공사","","",""
"1003635","가대교","37-02-10","128-24-29","한국수자원공사","","",""
"1003636","단양군(가대교)","37-02-25","128-24-20","환경부","5","9.4","12.2"
"1003640","단양2","37-01-00","128-23-00","환경부","","",""
"1003642","단양군(덕천교)","37-00-20","128-23-21","환경부","9","10.1","13.1"
"1003644","상진교","36-58-40","128-20-51","한국수자원공사","","",""
"1003645","단양군(단양1교)","36-55-52","128-20-08","환경부","2.5","4","5"
"1003646","우화교","36-55-50","128-19-16","한국수자원공사","","",""
"1003650","단양1","36-55-00","128-17-00","환경부","","",""
"1003655","제천시(물태리)","36-59-38","128-09-57","한국수자원공사","","",""
"1003657","제천시(강저3교)","37-07-22","128-12-14","환경부","2.5","3.1","3.6"
"1003658","제천시(부수동교)","37-08-55","128-00-32","환경부","2.5","4","4.5"
"1003660","제천시(팔송교)","37-08-50","128-07-11","환경부","3","3.3","4"
"1003661","제천시(구곡교)","37-06-44","128-06-22","환경부","3.5","4.5","5.5"
"1003662","명서교","37-04-04","128-01-57","한국수자원공사","","",""
"1003664","충주본댐우안","37-00-13","127-59-47","한국수자원공사","","",""
"1003665","충주시(충주댐방수로)","37-00-29","127-59-20","한국수자원공사","","",""
"1003666","충주시(충주댐)","37-00-20","127-59-31","한국수자원공사","","",""
"1003668","월악","36-54-41","128-04-22","한국수자원공사","","",""
"1003670","충주2","37-00-00","127-58-00","환경부","","",""
"1003680","충주1","37-00-00","127-55-00","환경부","","",""
"1004616","청주시(청석굴교)","36-36-43","127-40-54","환경부","","",""
"1004620","청주시(옥화1교)","36-36-55","127-42-06","환경부","2","3.8","4.6"
"1004630","고성교","36-39-58","127-45-48","한국수력원자력","","",""
"1004635","후영교","36-42-05","127-48-52","한국수력원자력","","",""
"1004643","괴산댐","36-45-32","127-50-34","한국수력원자력","","",""
"1004645","괴산군(수전교)","36-46-02","127-50-33","환경부","2","4.2","5.4"
"1004646","괴산군(비도교)","36-47-24","127-52-41","환경부","2","3","3.5"
"1004653","소수","36-52-11","127-43-08","한국농어촌공사","","",""
"1004661","괴산군(제2괴산교)","36-48-33","127-47-55","환경부","3.8","4.2","5.2"
"1004670","괴산군(추산교)","36-53-37","127-48-51","환경부","3.5","4.5","5.9"
"1004680","충주시(문강교)","36-53-16","127-56-46","환경부","2","3.3","3.9"
"1004685","팔봉교","36-53-57","127-55-17","한국수자원공사","","",""
"1004688","원남","36-51-18","127-42-38","한국농어촌공사","","",""
"1004690","충주시(향산리)","36-55-30","127-55-28","한국수자원공사","","",""
"1004692","용당","37-00-22","127-42-18","한국농어촌공사","","",""
"1004693","괴산군(목도교)","36-52-12","127-51-19","환경부","2","5.2","6.1"
"1004695","충주시(국원대교)","36-57-58","127-52-18","환경부","4","5","6"
"1005605","충주시(탄금교)","36-59-19","127-53-24","환경부","3","4.5","5.8"
"1005620","충주시(충주조정지댐방수로)","37-02-46","127-51-57","한국수자원공사","","",""
"1005635","충주시(충주조정지댐)","37-02-40","127-51-59","한국수자원공사","","",""
"1005640","충주시(목계교)","37-04-34","127-52-52","환경부","3","5.6","7.3"
"1005695","원주시(법천교)","37-12-16","127-45-15","환경부","3.5","5.3","6.8"
"1005697","원주시(남한강대교)","37-12-22","127-44-52","환경부","4","7.1","9.3"
"1006610","횡성군(율동리)","37-33-25","128-06-31","한국수자원공사","","",""
"1006612","횡성군(포동2교)","37-33-09","128-05-55","한국수자원공사","","",""
"1006615","횡성군(횡성댐)","37-32-43","128-01-49","한국수자원공사","","",""
"1006630","횡성군(오산교)","37-31-15","127-59-29","환경부","3.5","3.9","4.7"
"1006650","횡성군(횡성교)","37-29-42","127-58-50","환경부","1.5","3.7","5"
"1006660","횡성군(전천교)","37-28-56","127-58-53","환경부","2","3.4","4.2"
"1006665","원주시(원주교)","37-20-52","127-57-20","환경부","1","2.5","3.4"
"1006666","원주시(가현교)","37-23-41","127-56-08","환경부","6.6","8.6","9.6"
"1006667","섬강교","37-25-29","127-57-49","한국수자원공사","","",""
"1006670","원주시(옥산교)","37-25-43","127-55-18","환경부","2.5","5.6","7.4"
"1006672","원주시(장현교)","37-25-13","127-53-53","환경부","5","5.6","7.1"
"1006680","원주시(지정대교)","37-21-42","127-49-54","환경부","4.5","5.1","6.4"
"1006685","원주시(봉미교)","37-20-06","127-53-41","환경부","","",""
"1006690","원주시(문막교)","37-18-18","127-48-37","환경부","3.5","4.6","5.8"
"1006693","궁촌","37-13-36","127-51-29","한국농어촌공사","","",""
"1006694","반계","37-17-30","127-46-38","한국농어촌공사","","",""
"1007604","안성시(한평교)","37-06-23","127-26-01","환경부","5","6","7"
"1007605","이천시(장호원교)","37-06-49","127-38-05","환경부","2","3.7","4.7"
"1007610","음성군(총천교)","37-04-15","127-36-16","환경부","2","3.2","3.9"
"1007615","여주시(원부교)","37-09-44","127-38-04","환경부","4","5.5","6.5"
"1007617","여주시(삼합교)","37-12-08","127-43-09","환경부","3.5","5.7","7.4"
"1007620","여주시(강천리)","37-13-52","127-42-50","환경부","5","8.8","11.8"
"1007625","여주시(남한강교)","37-15-16","127-40-52","환경부","6","7","8.7"
"1007630","남한강","37-10-59","127-41-12","한국수력원자력","","",""
"1007633","강천보(상류)","37-16-23","127-41-00","환경부","38.5","42.3","43.7"
"1007634","강천보(하류)","37-17-02","127-41-05","환경부","","",""
"1007635","여주시(여주대교)","37-17-47","127-38-52","환경부","3.3","6","8"
"1007639","여주보(상류)","37-19-34","127-36-56","환경부","33.5","37","38.4"
"1007640","여주시(율극교)","37-20-02","127-34-24","환경부","3.5","4.5","5.5"
"1007641","여주보(하류)","37-19-43","127-36-12","환경부","","",""
"1007642","이천시(동산교)","37-12-60","127-24-58","환경부","2.5","3.3","4.2"
"1007645","이천시(복하교)","37-16-01","127-27-39","환경부","2.5","2.8","3.3"
"1007649","흑천","37-27-51","127-32-35","한국수력원자력","","",""
"1007650","여주시(흥천대교)","37-19-59","127-32-07","환경부","2","4.2","4.9"
"1007653","대평","37-25-21","127-37-47","한국농어촌공사","","",""
"1007655","여주시(양촌교)","37-22-57","127-33-46","환경부","3.5","4.9","5.8"
"1007656","여주저류지","37-22-52","127-32-59","한국수자원공사","","",""
"1007660","여주시(이포대교)","37-24-04","127-32-15","환경부","3.5","6.5","8.5"
"1007662","이포보(상류)","37-24-04","127-32-16","환경부","28.5","33.1","34.7"
"1007664","이포보(하류)","37-24-30","127-32-29","환경부","","",""
"1007672","금사","37-23-19","127-29-20","한국농어촌공사","","",""
"1007680","양평군(흑천교)","37-27-58","127-31-39","환경부","2","2.5","3"
"1007685","양평군(양평교)","37-29-11","127-29-24","환경부","8.5","10.3","12"
"1007690","양평군(봉상교)","37-30-42","127-39-05","환경부","2","3.4","3.8"
"1007697","양평군(신원리)","37-31-30","127-22-17","환경부","3.3","3.8","4.8"
"1009650","화천군(평화의댐)","38-12-37","127-50-40","한국수자원공사","","",""
"1009652","화천군(평화나래교)","38-12-29","127-50-58","한국수자원공사","","",""
"1010630","약수교","38-10-03","128-02-35","한국수력원자력","","",""
"1010633","양구군(송청제2교)","38-05-19","127-59-49","환경부","3","4.1","5"
"1010635","하리교","38-06-28","127-59-03","한국수력원자력","","",""
"1010640","양구군(각시교)","38-11-25","127-55-32","한국수자원공사","","",""
"1010642","남전교","38-10-59","127-54-05","한국수력원자력","","",""
"1010660","화천군(화천댐)","38-07-03","127-46-38","환경부","","",""
"1010661","화천댐","38-07-00","127-47-00","한국수력원자력","","",""
"1010670","화천군(오작교)","38-17-06","127-48-43","한국수자원공사","","",""
"1010673","화천군(신대교)","38-08-01","127-40-35","환경부","","",""
"1010674","화천군(신읍교)","38-07-10","127-41-50","환경부","3.6","4.6","5.5"
"1010675","화천","38-06-00","127-43-00","환경부","","",""
"1010677","용신교","38-06-32","127-42-16","한국수력원자력","","",""
"1010680","화천군(화천대교)","38-05-54","127-42-29","한국수자원공사","","",""
"1010684","오탄교","38-06-32","127-38-13","한국수력원자력","","",""
"1010688","춘천댐","37-58-00","127-40-15","한국수력원자력","","",""
"1010690","춘천시(춘천댐)","37-58-07","127-40-06","환경부","","",""
"1010695","춘천시(춘천댐하류)","37-57-34","127-40-33","환경부","5.5","5.9","7.7"
"1011620","인제군(반월촌교)","38-15-52","128-12-13","환경부","4","4.3","5.1"
"1011650","인제군(어두원교)","38-08-08","128-14-00","한국수자원공사","","",""
"1011690","인제군(원통리)","38-07-15","128-12-34","한국수자원공사","","",""
"1011693","인제군(도리촌교)","38-05-51","128-12-25","한국수자원공사","","",""
"1011695","인제군(리빙스턴교)","38-05-18","128-11-00","환경부","4.5","6.5","7.5"
"1012630","인제군(왕성동교)","37-52-19","128-19-22","환경부","4","5.5","6.5"
"1012635","인제군(양지교)","37-52-36","128-17-18","환경부","2.5","3.1","3.8"
"1012640","인제군(현리교)","37-56-53","128-19-02","환경부","2.5","4.2","5.4"
"1012645","인제군(하죽천교)","37-58-37","128-18-29","환경부","3.5","6","7.6"
"1012650","인제군(원대교)","38-00-29","128-14-27","한국수자원공사","","",""
"1012657","인제군(사구미교)","38-03-19","128-10-06","한국수자원공사","","",""
"1012660","인제1","38-01-00","128-08-00","환경부","","",""
"1012665","인제2","38-02-00","128-09-00","환경부","","",""
"1012670","인제군(양구대교)","37-59-38","128-03-24","한국수자원공사","","",""
"1012680","춘천시(소양강댐)","37-56-57","127-48-55","한국수자원공사","","",""
"1012682","춘천시(소양강댐방수로)","37-56-39","127-48-39","한국수자원공사","","",""
"1012685","춘천시(천전리)","37-55-49","127-47-23","환경부","2.5","4.2","5.4"
"1012688","춘천시(소양6교)","37-55-33","127-46-44","한국수자원공사","","",""
"1012690","소양강","37-55-04","127-47-03","환경부","","",""
"1012695","춘천2","37-53-25","127-43-29","환경부","","",""
"1013610","춘천시(효자교)","37-52-03","127-43-39","환경부","","",""
"1013620","목동교","37-52-59","127-32-54","한국수력원자력","","",""
"1013635","의암댐","37-50-17","127-40-25","한국수력원자력","","",""
"1013637","춘천시(소양2교)","37-53-35","127-43-21","환경부","71.5","72.3","73.1"
"1013645","춘천시(강촌교)","37-49-03","127-38-01","환경부","2","7.4","9.8"
"1013650","가평군(제령교)","37-53-43","127-31-49","환경부","3.3","5.3","6.2"
"1013652","가평천","37-52-29","127-31-40","한국수력원자력","","",""
"1013655","가평군(가평교)","37-49-53","127-31-05","환경부","1.8","3","4"
"1014620","홍천군(용선교)","37-48-48","128-03-55","환경부","2.5","3.5","4"
"1014630","홍천군(주음치교)","37-47-04","127-59-00","환경부","3","3.7","4.8"
"1014635","홍천강(성포교)","37-45-48","127-58-27","한국수력원자력","","",""
"1014640","홍천군(굴운교)","37-44-19","127-56-29","환경부","3.5","4.8","6.3"
"1014645","홍천군(귀미뜰교)","37-41-47","127-56-33","환경부","2.8","3.8","4.6"
"1014648","홍천강(남산교)","37-41-10","127-53-23","한국수력원자력","","",""
"1014650","홍천군(홍천교)","37-41-14","127-52-44","환경부","2","5.3","6.4"
"1014665","홍천군(남노일대교)","37-40-31","127-46-14","환경부","5.5","7","8.7"
"1014680","홍천군(반곡교)","37-41-37","127-40-14","환경부","3","5.1","6.4"
"1014695","한덕교","37-40-20","127-36-48","한국수력원자력","","",""
"1014696","홍천군(모곡교)","37-40-19","127-36-18","환경부","","",""
"1015620","가평군(대보교)","37-47-46","127-22-15","환경부","3.2","4.8","5.6"
"1015630","산장제1교","37-45-18","127-24-37","한국수력원자력","","",""
"1015639","청평댐","37-43-15","127-25-28","한국수력원자력","","",""
"1015640","가평군(청평댐)","37-43-24","127-25-23","환경부","","",""
"1015644","가평군(청평교)","37-44-03","127-24-52","환경부","2","5.5","7"
"1015645","가평군(신청평대교)","37-43-05","127-24-37","환경부","5","10.7","13.7"
"1015655","가평군(오류동교)","37-41-35","127-21-56","환경부","3.4","4.4","5.7"
"1015680","남양주시(삼봉리)","37-35-43","127-20-21","환경부","1.6","4.6","5.9"
"1016607","용인시(월촌교)","37-19-57","127-14-22","환경부","1.5","4.2","5"
"1016650","광주시(경안교)","37-24-24","127-15-47","환경부","1.5","4","5"
"1016655","경안교","37-23-33","127-15-06","한국수력원자력","","",""
"1016660","광주시(섬뜰교)","37-23-57","127-17-34","환경부","2.5","4.4","5.2"
"1016670","광주시(서하교)","37-25-44","127-18-30","환경부","3.5","4","4.8"
"1016695","광주시(광동교)","37-28-16","127-17-39","환경부","26","27","27.7"
"1017678","팔당댐","37-31-30","127-17-05","한국수력원자력","","",""
"1017690","남양주시(팔당댐)","37-31-38","127-17-00","환경부","","",""
"1018605","고안(등록문화재)","37-32-30","127-15-00","환경부","","0","0"
"1018610","남양주시(팔당대교)","37-32-52","127-14-22","환경부","7","9.5","12.7"
"1018611","팔당대교","37-32-40","127-14-29","환경부","","",""
"1018620","남양주시(부평교)","37-44-25","127-11-48","환경부","1.5","3","4"
"1018623","남양주시(연평대교)","37-42-36","127-10-56","환경부","1.8","2.8","3.5"
"1018625","남양주시(내곡교)","37-41-30","127-09-53","환경부","2.5","3.5","4"
"1018628","행주(등록문화재)","37-35-55","126-48-38","환경부","","",""
"1018630","남양주시(진관교)","37-39-00","127-09-07","환경부","0.4","2.9","3.5"
"1018635","남양주시(퇴계원리)","37-38-42","127-08-17","환경부","2","2.8","3.6"
"1018638","남양주시(왕숙교)","37-36-13","127-08-53","환경부","4.9","6","8"
"1018640","서울시(광진교)","37-32-44","127-06-37","환경부","3","8.6","11.1"
"1018645","자양","37-31-27","127-04-41","환경부","","",""
"1018650","성남시(궁내교)","37-22-12","127-06-30","환경부","2","3.3","4.2"
"1018655","서울시(대곡교)","37-28-08","127-07-21","환경부","3.8","5.8","7.1"
"1018658","서울시(대치교)","37-29-54","127-04-28","환경부","3","8.7","11.1"
"1018660","청담","37-31-10","127-03-50","환경부","","",""
"1018662","서울시(청담대교)","37-31-23","127-03-46","환경부","3","10.1","13.1"
"1018664","뚝도","37-32-00","127-03-00","환경부","","",""
"1018665","의정부시(신곡교)","37-44-07","127-03-12","환경부","2.5","5.1","6"
"1018669","서울시(창동교)","37-39-10","127-03-15","환경부","4.5","5.1","6.5"
"1018670","서울시(월계2교)","37-37-27","127-03-00","환경부","2","3.9","5.1"
"1018675","서울시(중랑교)","37-35-33","127-04-14","환경부","2.4","5","6.5"
"1018680","서울시(잠수교)","37-31-02","126-59-43","환경부","3.9","5.5","6.2"
"1018683","서울시(한강대교)","37-30-52","126-57-24","환경부","3.9","8.5","10.5"
"1018685","구용산","37-31-00","126-57-00","환경부","","",""
"1018690","안양시(충훈1교)","37-24-17","126-54-11","환경부","1","3","4.1"
"1018692","서울시(신림5교)","37-28-02","126-56-51","환경부","3.8","4.3","4.8"
"1018693","광명시(시흥대교)","37-27-08","126-53-36","환경부","5","5.5","6.5"
"1018695","서울시(너부대교)","37-28-44","126-50-44","환경부","1.5","3","4"
"1018697","서울시(오금교)","37-30-30","126-52-27","환경부","3.5","7","9"
"1018698","서울시(신대방1교)","37-29-17","126-54-52","환경부","1.3","2.9","3.7"
"1019612","인천시(굴포1교)","37-30-31","126-43-22","환경부","","",""
"1019620","부천시(도두리2교)","37-31-56","126-45-38","환경부","2","2.7","3.4"
"1019630","서울시(행주대교)","37-36-11","126-48-53","환경부","4.5","7.2","9"
"1019635","아라한강갑문(내)","37-36-08","126-47-36","한국수자원공사","","",""
"1019636","아라한강갑실","37-36-08","126-47-36","한국수자원공사","","",""
"1019637","아라한강갑문(외)","37-36-08","126-47-36","한국수자원공사","","",""
"1019640","굴포천(내)","37-31-23","126-45-35","한국수자원공사","","",""
"1019645","굴현보(상)","37-34-05","126-44-44","한국수자원공사","","",""
"1019647","박촌1교","37-32-30","126-45-41","한국수자원공사","","",""
"1019648","계양대교","37-34-24","126-44-47","한국수자원공사","","",""
"1019650","굴현교","37-33-58","126-45-08","한국수자원공사","","",""
"1019651","귤현보(상)","37-34-28","126-45-32","한국수자원공사","","",""
"1019652","귤현보(하)","37-34-28","126-45-34","한국수자원공사","","",""
"1019653","벌말교","37-35-00","126-46-20","한국수자원공사","","",""
"1019655","굴현보(하)","37-33-58","126-45-09","한국수자원공사","","",""
"1019657","인천시(상야교)","37-34-45","126-46-35","환경부","","",""
"1019660","굴포천(한강)","37-35-23","126-46-58","한국수자원공사","","",""
"1019667","고양시(원당교)","37-41-06","126-51-57","환경부","1.6","2.5","3"
"1019675","김포시(전류리)","37-41-45","126-39-52","환경부","5","5.5","6.3"
"1019680","파주시(교하교)","37-45-37","126-45-41","환경부","3","5.1","6.5"
"1021628","철원군(백마교)","38-16-08","127-09-38","한국수자원공사","","",""
"1021630","철원군(대마리)","38-16-06","127-09-58","환경부","2","3","4"
"1021650","연천군(필승교)","38-06-40","126-57-39","환경부","7.5","12",""
"1021660","연천군(군남댐)","38-06-18","127-00-57","한국수자원공사","","",""
"1021670","북삼","38-05-23","127-00-28","한국수자원공사","","",""
"1021680","연천군(임진교)","38-03-23","127-01-03","환경부","6.5","7","9.5"
"1022626","철원군(장수대교)","38-14-46","127-22-28","환경부","4","5.5","6.5"
"1022630","철원군(삼합교)","38-17-38","127-20-57","환경부","3.5","5.2","6.8"
"1022631","토교","38-16-20","127-17-20","한국농어촌공사","","",""
"1022635","철원군(한탄대교)","38-11-13","127-17-57","환경부","5","7.9","10.1"
"1022638","철원군(군탄교)","38-08-25","127-16-48","한국수자원공사","","",""
"1022640","포천시(용담교)","38-07-26","127-16-19","환경부","5","13.7","18"
"1022642","포천시(대회산교)","38-05-24","127-13-14","한국수자원공사","","",""
"1022643","포천시(영로대교)","38-03-55","127-12-21","한국수자원공사","","",""
"1022644","연천군(한탄강댐)","38-03-45","127-07-51","한국수자원공사","","",""
"1022645","연천군(한여울교)","38-03-39","127-07-45","한국수자원공사","","",""
"1022646","포천시(낭유대교)","38-00-02","127-19-48","환경부","","",""
"1022647","포천시(포천대교)","37-53-33","127-12-07","환경부","4.3","6.1","7.4"
"1022648","포천시(은현교)","38-00-08","127-14-19","환경부","3.5","4.5","5.5"
"1022650","포천시(영평교)","38-00-39","127-12-52","환경부","2.5","5.5","6.2"
"1022655","포천시(신백의교)","38-01-05","127-08-34","환경부","5.5","6.3","8.2"
"1022659","백의교","38-01-23","127-08-17","한국수자원공사","","",""
"1022662","연천군(차탄교)","38-05-15","127-04-19","환경부","3.5","4.5","6.5"
"1022664","궁신교","38-02-12","127-06-16","한국수자원공사","","",""
"1022665","연천군(궁신교)","38-02-10","127-06-14","한국수자원공사","","",""
"1022666","연천군(고탄교)","38-01-53","127-04-34","한국수자원공사","","",""
"1022668","동두천시(송천교)","37-52-49","127-03-05","환경부","2.5","4","5"
"1022670","연천군(신천교)","37-59-35","127-04-37","환경부","3.5","4.8","5.5"
"1022680","연천군(사랑교)","38-00-33","127-03-23","환경부","3.7","7.5","9.5"
"1023635","파주시(덕천교)","37-56-03","126-51-53","환경부","","3.9","4.5"
"1023640","연천군(삼화교)","38-01-31","126-59-00","환경부","11.5","12.7","16.1"
"1023660","파주시(비룡대교)","37-59-07","126-55-09","환경부","6.9","9.5","11.5"
"1023662","연천군(사미천교)","38-00-12","126-52-42","환경부","8.2","8.6","11.3"
"1023670","파주시(통일대교)","37-54-16","126-44-30","환경부","6","7","8.5"
"1023674","파주시(만장교)","37-48-20","126-51-43","환경부","4.1","4.9","5.4"
"1023680","파주시(아가메교)","37-49-17","126-47-02","환경부","3.5","5.7","7.4"
"1101605","화성시(화산교)","37-13-04","127-01-13","환경부","5","6","7.5"
"1101609","금광","36-59-51","127-19-44","한국농어촌공사","","",""
"1101610","안성시(옥산대교)","37-00-05","127-15-01","환경부","1.5","2.7","3.6"
"1101615","고삼","37-04-54","127-16-19","한국농어촌공사","","",""
"1101618","안성시(한천교)","36-59-22","127-12-20","환경부","4","6","7.4"
"1101620","안성시(건천리)","36-58-25","127-10-57","환경부","1","4","5.3"
"1101625","이동","37-06-37","127-11-04","한국농어촌공사","","",""
"1101628","천안시(안궁교)","36-57-52","127-08-23","환경부","8","10","11.2"
"1101630","천안시(안성천교)","36-58-13","127-06-39","환경부","3","3.4","4.5"
"1101635","평택시(군문교)","36-59-01","127-04-48","환경부","4.2","6","7"
"1101645","오산시(탑동대교)","37-08-02","127-03-29","환경부","1.5","3.7","4"
"1101650","화성시(수직교)","37-07-25","126-59-59","환경부","4","5.3","6.1"
"1101663","평택시(진위1교)","37-05-42","127-03-08","환경부","2.5","4.6","5.8"
"1101665","평택시(회화리)","37-05-46","127-01-44","환경부","3","3.7","4.9"
"1101670","평택시(동연교)","37-03-09","126-59-51","환경부","5","7.5","8.5"
"1101675","궁안교","37-01-00","127-01-00","환경부","","",""
"1101680","평택시(팽성대교)","36-58-41","127-02-01","환경부","4","4.6","5.6"
"1101685","아산호","36-58-05","126-58-33","한국농어촌공사","","",""
"1101690","노양","36-56-00","127-00-00","환경부","","",""
"1101695","아산만(내)","36-58-48","126-55-41","한국농어촌공사","","",""
"1101696","아산만(외)","36-58-48","126-55-41","한국농어촌공사","","",""
"1201620","강화군(강화대교)","37-43-54","126-31-40","환경부","","",""
"1201651","아라서해갑문(내)","37-33-40","126-36-15","한국수자원공사","","",""
"1201652","아라서해갑실(남)","37-33-38","126-36-11","한국수자원공사","","",""
"1201653","아라서해갑문(외)","37-33-37","126-36-5","한국수자원공사","","",""
"1201654","아라서해갑실(북)","37-33-40","126-36-10","한국수자원공사","","",""
"1202630","반월2","37-20-54","126-52-30","환경부","","",""
"1202660","반월1","37-19-22","126-51-25","환경부","","",""
"1202670","남양(외)","37-00-02","126-48-00","한국농어촌공사","","",""
"1202690","서해배수문(내)","37-17-24","126-34-38","한국수자원공사","","",""
"1202695","서해배수문(외)","37-17-25","126-34-37","한국수자원공사","","",""
"1301630","양양군(용천2교)","38-03-20","128-36-29","환경부","3","4.4","5.2"
"1301632","양양군(북평교)","38-04-16","128-36-28","환경부","","",""
"1301658","양양군(양양대교)","38-04-31","128-37-54","환경부","3","3.9","4.5"
"1302645","오봉","37-41-56","128-49-11","한국농어촌공사","","",""
"1302648","강릉시(회산교)","37-44-35","128-52-12","환경부","2.5","2.8","3.8"
"1302663","동해시(달방댐)","37-30-22","129-02-17","한국수자원공사","","",""
"1302665","동해시(원평교)","37-29-39","128-64-05","한국수자원공사","","",""
"1302668","동해시(북평교)","37-29-07","129-07-30","환경부","1","2.2","3"
"1302670","강릉시(송림교)","37-50-49","128-48-38","환경부","2.5","3.5","4.5"
"1303610","삼척시(남양촌교)","37-08-36","129-15-37","환경부","3","4.1","5"
"1303650","삼척시(상정교)","37-22-58","129-05-55","환경부","2.5","4.1","5.1"
"1303680","삼척시(오십천교)","37-26-17","129-10-05","환경부","4","5.8","7.2"
"2001610","태백시(문화교)","37-05-45","129-01-02","환경부","3.3","4.2","5.1"
"2001613","태백시(루사교)","37-05-36","129-02-40","한국수자원공사","","",""
"2001615","봉화군(대현교)","37-03-50","129-02-39","환경부","5.5","6.5","7.2"
"2001625","봉화군(광회교)","36-56-03","129-06-37","환경부","3.5","4","4.6"
"2001628","봉화군(분천교)","36-55-49","129-03-24","환경부","5.9","7","7.9"
"2001629","봉화군(현동교)","36-55-55","129-00-41","한국수자원공사","","",""
"2001630","봉화군(임기리)","36-52-60","129-00-04","한국수자원공사","","0","0"
"2001650","봉화","35-50-30","128-53-30","환경부","","",""
"2001655","봉화군(도천교)","36-51-34","128-54-07","환경부","3.3","4.1","4.9"
"2001658","봉화군(양삼교)","36-46-43","128-53-08","한국수자원공사","","",""
"2001660","도산","36-45-38","128-53-47","한국수자원공사","","0","0"
"2001670","예안","36-41-00","128-51-00","기타","","",""
"2001675","천전","36-41-00","128-50-00","기타","","",""
"2001680","안동시(안동댐방수로)","36-35-04","128-46-16","한국수자원공사","","0","0"
"2001685","안동시(안동댐)","36-34-58","128-46-30","한국수자원공사","","0","0"
"2001690","안동시(안동조정지댐)","36-33-59","128-44-57","한국수자원공사","","0","0"
"2002606","보현","36-13-18","128-57-03","한국수자원공사","","",""
"2002609","청송군(성덕댐)","36-14-31","128-57-47","한국수자원공사","","",""
"2002610","무계","36-13-02","128-58-29","한국수자원공사","","",""
"2002613","포항시(상사4교)","36-15-13","129-05-19","한국수자원공사","","",""
"2002616","청송군(명당리)","36-17-07","128-57-25","한국수자원공사","","",""
"2002620","영양군(양평교)","36-39-11","129-06-23","한국수자원공사","","0","0"
"2002630","청송군(송강2교)","36-29-02","129-01-18","한국수자원공사","","",""
"2002633","영양군(임천교)","36-36-52","129-04-02","한국수자원공사","","",""
"2002634","영양군(청암교)","36-35-50","129-05-08","환경부","4.9","5.9","6.9"
"2002635","영양군(흥구리)","36-32-44","129-03-57","한국수자원공사","","",""
"2002636","홍구","36-35-22","129-04-17","한국수자원공사","","",""
"2002638","영양군(흥구교)","36-33-7","129-4-51","한국수자원공사","","",""
"2002645","청송군(광덕교)","36-32-10","129-02-36","한국수자원공사","","",""
"2002655","청송군(덕천교)","36-26-34","129-01-49","한국수자원공사","","0","0"
"2002675","안동시(임하댐방수로)","36-32-16","128-52-48","한국수자원공사","","0","0"
"2002677","안동시(임하댐)","36-32-06","128-53-01","한국수자원공사","","0","0"
"2002680","안동시(임하조정지댐)","36-32-11","128-50-43","한국수자원공사","","0","0"
"2002685","안동시(묵계교)","36-25-54","128-54-39","환경부","3.1","4","4.9"
"2002686","안동시(신덕교)","36-31-09","128-50-19","한국수자원공사","","",""
"2002687","임하댐하류수위(볼거리)","36-32-10","128-50-09","한국수자원공사","","",""
"2002692","안동시(포진교)","36-32-05","128-47-43","한국수자원공사","","0","0"
"2002695","안동시(대사3교)","36-21-58","128-57-33","환경부","3.6","4.6","5.6"
"2003605","안동2","36-33-00","128-44-00","기타","","",""
"2003610","안동시(안동대교)","36-33-01","128-41-59","한국수자원공사","","0","0"
"2003635","금봉","36-19-55","128-51-29","한국농어촌공사","","",""
"2003640","안동시(운산리)","36-28-46","128-39-36","환경부","2.3","4.3","4.7"
"2003650","안동시(검암교)","36-32-27","128-39-25","한국수자원공사","","",""
"2003670","예천군(구담교)","36-32-22","128-27-47","환경부","3.9","5.2","6.6"
"2003690","의성군(풍지교)","36-31-48","128-21-54","환경부","5.8","7.7","9.5"
"2004605","봉화군(봉화대교)","36-53-15","128-43-55","환경부","2","3","3.9"
"2004607","경천","36-41-45","128-18-50","한국농어촌공사","","",""
"2004608","영주시(신암교)","36-51-10","128-41-13","한국수자원공사","","",""
"2004610","영주시(영주유사조절지)","36-47-04","128-42-01","한국수자원공사","","",""
"2004615","영주시(안심교)","36-51-14","","환경부","","",""
"2004624","영주시(장수교)","36-51-34","128-36-23","환경부","","",""
"2004625","송리원","36-44-08","128-41-12","기타","","",""
"2004628","영주시(와평교)","36-47-15","128-43-51","환경부","","",""
"2004629","영주시(서천교)","36-49-49","128-36-50","환경부","2.5","3.3","4.8"
"2004630","영주시(영주댐)","36-43-19","128-39-24","한국수자원공사","","",""
"2004632","영주시(미림교)","36-43-05","128-38-42","한국수자원공사","","",""
"2004635","영주시(월호교)","36-45-47","128-37-16","환경부","3.8","5.5","7"
"2004640","영주시(석탑교)","36-42-59","128-35-59","환경부","3.5","4.9","6.2"
"2004650","예천군(미호교)","36-40-10","128-31-06","환경부","3","4.5","5.9"
"2004655","예천군(고평교)","36-37-10","128-29-16","환경부","4.5","5","6"
"2004668","예천군(신예천교)","36-39-01","128-26-55","환경부","2.5","3.2","3.8"
"2004675","예천군(신음리)","36-35-03","128-20-54","환경부","4.05","6","7"
"2004680","예천군(회룡교)","36-35-10","128-19-10","환경부","5","6","7"
"2004685","경천댐","36-12-36","126-07-12","한국농어촌공사","","",""
"2004695","예천군(산양교)","36-36-41","128-15-39","환경부","2","2.5","3"
"2005610","문경시(아호교)","36-38-05","128-03-17","환경부","","",""
"2005640","문경시(갈마교)","36-38-20","128-05-11","환경부","3.5","4.6","5.2"
"2005643","문경시(봉득교)","36-40-09","128-07-24","환경부","4.5","5.5","6.5"
"2005650","문경시(불정교)","36-38-45","128-08-55","환경부","3.75","5","5.5"
"2005660","문경시(김용리)","36-35-21","128-13-00","환경부","2.9","4","4.5"
"2005670","상주시(상우교)","36-28-12","128-03-53","한국수자원공사","","",""
"2005680","상주시(이안교)","36-32-38","128-09-32","환경부","2.8","3.4","3.9"
"2006603","오태","36-29-37","128-07-47","한국농어촌공사","","",""
"2006625","상주시(병성교)","36-26-08","128-13-17","환경부","4","5.6","7.1"
"2006630","상주시(소천2교)","36-22-31","128-08-52","환경부","2.2","3.3","4"
"2006660","계산","36-25-30","128-09-40","환경부","","",""
"2006665","상주시(후천교)","36-25-41","128-09-31","환경부","2.7","3.3","3.9"
"2006675","상주시(화계교)","36-25-07","128-10-59","환경부","2.8","3.8","4.8"
"2007620","문경시(말응리)","36-32-33","128-15-41","환경부","4.3","6.1","7.8"
"2007640","문경시(이목리)","36-33-20","128-17-46","환경부","5.8","8","10.1"
"2007645","달지2","36-33-00","128-18-00","기타","","",""
"2007660","예천군(상풍교)","36-29-55","128-16-07","환경부","1.72","4","5.5"
"2007680","상주시(상주보상)","36-25-55","128-15-05","환경부","47.5","48.6","49.1"
"2007682","상주시(상주보하)","36-26-05","128-14-33","환경부","43.1","44.7","46.3"
"2007686","상주시(강창교)","36-24-35","128-14-40","환경부","5.45","8.5","10.1"
"2008603","군위군(군위댐)","36-07-14","128-47-39","한국수자원공사","","",""
"2008605","군위군(동곡교)","36-09-40","128-49-19","한국수자원공사","","",""
"2008610","동곡","36-09-32","128-35-18","환경부","","",""
"2008620","고로","36-07-25","128-45-22","환경부","","",""
"2008621","군위군(화수교)","36-07-34","128-45-15","한국수자원공사","","",""
"2008628","의성군(구미교)","36-18-21","128-36-01","환경부","4","5.1","6.2"
"2008629","가음","36-13-58","128-44-25","한국농어촌공사","","",""
"2008630","군위군(미성교)","36-10-54","128-40-20","환경부","2.4","2.9","3.4"
"2008631","의성군(덕은교)","36-17-24","128-36-32","환경부","4.5","5.2","5.8"
"2008632","의성군(비안교)","36-20-06","128-29-18","환경부","","",""
"2008633","의성군(장송교)","36-19-41","128-31-15","환경부","4.8","6.5","8"
"2008635","군위군(병수리)","36-10-37","128-35-08","환경부","2.9","3.5","4.4"
"2008645","군위군(효령교)","36-09-19","128-35-03","환경부","2.2","2.5","3.2"
"2008650","군위군(무성리)","36-11-38","128-33-51","환경부","4.2","5","6"
"2008653","군위군(사직리)","36-14-24","128-33-41","환경부","","",""
"2008659","군위군(대량교)","36-16-23","128-28-23","환경부","","",""
"2008660","강창1","36-13-50","128-20-40","기타","","",""
"2008665","의성군(동부교)","36-19-26","128-30-02","환경부","4.6","5.8","7.1"
"2008690","의성군(위중리)","36-21-35","128-23-49","환경부","4.8","6.5","8.1"
"2009618","의성군(낙단보상)","36-21-26","128-18-47","환경부","40.5","42.2","43"
"2009620","의성군(낙단교)","36-21-27","128-18-04","환경부","8.3","9","10.5"
"2009670","구미시(일선교)","36-16-23","128-20-34","환경부","2.21","3.6","4.6"
"2009680","구미시(구미보상)","36-14-18","128-20-23","환경부","33","34.3","34.9"
"2009682","구미시(구미보하)","36-14-01","128-20-40","환경부","29.1","30.9","32.7"
"2010620","김천시(수달교)","35-58-55","127-58-06","한국수자원공사","","",""
"2010623","김천시(도곡1교)","35-58-39","128-00-50","한국수자원공사","","",""
"2010625","김천시(김천부항댐)","35-58-58","128-00-15","한국수자원공사","","",""
"2010630","김천시(교리교)","35-59-19","128-01-57","한국수자원공사","","",""
"2010635","김천시(지품교)","36-01-34","128-02-23","환경부","3.3","4","4.7"
"2010640","김천시(김천IC1교)","36-07-45","128-05-51","환경부","","",""
"2010650","김천시(김천교)","36-07-09","128-07-50","환경부","2.76","4.5","5"
"2010660","김천시(대동교)","36-09-49","128-11-35","환경부","3","4","5.1"
"2010687","옥성","36-16-16","128-14-59","한국농어촌공사","","",""
"2010690","구미시(선주교)","36-13-40","128-18-32","환경부","2.8","3.7","4.6"
"2011625","구미시(양포교)","36-08-10","128-25-44","환경부","3.8","4.8","5.9"
"2011640","구미시(구미대교)","36-06-39","128-23-48","환경부","2.17","4.6","5.6"
"2011648","칠곡군(칠곡보상)","36-01-02","128-23-45","환경부","26","27.2","27.8"
"2011649","칠곡군(칠곡보하)","36-00-50","128-23-42","환경부","21.9","23.6","25.4"
"2011650","칠곡군(호국의다리)","36-00-01","128-23-39","환경부","6.88","10","11.5"
"2011660","성주군(성주대교)","35-52-51","128-23-25","환경부","4.73","7.4","8.7"
"2011665","성주군(도성교)","35-52-45","128-21-57","환경부","3.7","4.9","6.1"
"2011696","대구시(강정고령보하)","35-50-21","128-27-55","환경부","17.6","19.6","21.6"
"2011697","강정보(임)","35-50-26","128-27-43","한국수자원공사","","",""
"2012602","고현","36-08-57","128-55-40","한국수자원공사","","",""
"2012605","포항시(논골교)","36-08-01","129-04-48","한국수자원공사","","",""
"2012607","영천시(굼이교)","36-08-57","128-55-22","한국수자원공사","","",""
"2012610","영천시(보현산댐)","36-07-33","128-56-58","한국수자원공사","","",""
"2012612","영천시(자천교)","36-06-27","128-55-08","한국수자원공사","","",""
"2012615","영천시(영천댐)","36-04-39","129-02-03","한국수자원공사","","",""
"2012625","영천시(단포교)","35-58-43","128-58-06","환경부","2.2","2.8","3.4"
"2012628","영천시(영동교)","35-58-08","128-56-18","환경부","3.2","3.4","4.2"
"2012632","영천시(영양교)","35-57-42","128-55-03","환경부","1.9","2.9","3.7"
"2012640","영천시(금창교)","35-55-50","128-52-32","환경부","2.1","4","5"
"2012645","봉화군(풍호리)","36-50-46","128-53-20","환경부","5","8.4","10.5"
"2012648","경산시(압량교)","35-51-08","128-45-59","환경부","1.9","2.7","3.5"
"2012650","경산시(환상리)","35-52-41","128-46-45","환경부","1.8","4","5"
"2012652","대구시(성동교)","35-51-07","128-43-25","환경부","1.8","3.3","4.1"
"2012653","대구시(안심교)","35-51-42","128-42-52","환경부","1","4","5"
"2012660","대구시(신암동)","35-53-30","128-38-04","환경부","3.25","5.5","7.5"
"2012665","대구시(동화교)","35-54-59","128-36-01","환경부","2","3.8","4.8"
"2012666","대구시(노곡교)","35-54-07","128-33-53","환경부","5.1","7","8.8"
"2012670","대구시(산격대교)","35-54-34","128-35-54","환경부","3.9","5.9","7.2"
"2012675","신천3","35-47-20","128-36-20","기타","","",""
"2012680","신천1","35-48-00","128-37-00","기타","","",""
"2012681","신천2","35-48-00","128-37-00","기타","","",""
"2012690","대구시(성북교)","35-53-35","128-35-35","환경부","2","2.9","3.9"
"2012695","대구시(강창교)","35-51-12","128-28-18","환경부","5.5","7.6","9.8"
"2012696","대구시(매곡리)","35-50-58","128-26-47","환경부","6.98","9","10"
"2013611","성주","35-54-41","128-09-03","한국농어촌공사","","9.6","11.8"
"2013615","성주군(가천교)","35-52-51","128-10-23","환경부","2.2","2.9","3.6"
"2013620","성주군(화죽교)","35-52-24","128-10-45","환경부","2.1","2.5","2.9"
"2013629","성주군(작천교)","35-47-43","128-15-54","환경부","4","4.9","5.8"
"2013630","합천군(구정리)","35-42-26","128-10-11","환경부","3.02","3.6","4.2"
"2013640","고령군(귀원교)","35-40-33","128-14-21","환경부","4.3","4.9","5.5"
"2013650","고령군(회천교)","35-43-45","128-16-40","환경부","3.1","3.6","4.2"
"2013685","고령군(사촌리)","35-42-02","128-19-19","환경부","4","5.5","6.9"
"2013690","고령군(도진교)","35-40-44","128-20-14","환경부","4.1","5.8","7.5"
"2014620","대구시(사문진교)","35-48-44","128-28-27","환경부","3.87","8.8","10.8"
"2014625","옥연","","-","한국농어촌공사","","",""
"2014640","고령군(고령교)","35-45-10","128-23-13","환경부","3.9","8.1","9.9"
"2014650","대구시(달성보상)","35-44-10","128-25-20","환경부","14.5","18.7","20.3"
"2014651","고령군(달성보하)","35-43-55","128-24-59","환경부","14.2","16.6","19.1"
"2014660","대구시(성하리)","35-42-10","128-26-03","환경부","2.7","10","12"
"2014665","달창","35-38-11","128-28-26","한국농어촌공사","","",""
"2014670","달창","","-","한국농어촌공사","","",""
"2014680","대구시(내리)","35-38-01","128-24-11","환경부","6.42","9.24","12.07"
"2014690","합천군(율지교)","35-36-44","128-21-30","환경부","6.85","10","12.3"
"2014697","합천군(합천창녕보상)","35-35-20","128-21-22","환경부","11","15.4","17"
"2014699","합천군(합천창녕보하)","35-35-13","128-21-19","환경부","10.2","12.9","15.5"
"2015620","거창군(의동교)","35-42-54","127-55-31","한국수자원공사","","0","0"
"2015630","거창군(남하교)","35-40-18","127-56-25","환경부","2.9","3.9","4.9"
"2015635","거창군(거열교)","35-40-59","127-53-52","한국수자원공사","","0","0"
"2015637","합천군(술곡교)","35-34-51","127-59-21","한국수자원공사","","",""
"2015645","거창","35-39-40","127-56-40","기타","","",""
"2015650","가북","35-47-38","128-00-05","한국농어촌공사","","",""
"2015655","거창군(지산교)","35-39-58","128-00-52","한국수자원공사","","0","0"
"2015680","합천군(합천댐)","35-32-02","128-01-53","한국수자원공사","","0","0"
"2015690","창리","35-31-40","128-01-40","기타","","",""
"2016630","합천군(합천댐방수로)","35-32-00","128-02-00","한국수자원공사","","0","0"
"2016635","합천군(합천조정지댐)","35-32-25","128-05-03","한국수자원공사","","0","0"
"2016640","합천군(합천조정지방수로)","35-32-23","128-05-05","한국수자원공사","","0","0"
"2016650","합천군(남정교)","35-33-27","128-09-40","환경부","","",""
"2016660","합천군(기리교)","35-36-49","128-13-10","환경부","3.9","5.3","6.7"
"2016680","합천군(황강교)","35-34-19","128-17-34","환경부","5","7","9"
"2017620","합천군(적포교)","35-31-39","128-21-33","환경부","4.9","11.5","14"
"2017630","의령군(대곡교)","35-29-07","128-20-54","환경부","5","6.9","8.7"
"2017640","창녕군(유어교)","35-31-11","128-22-36","환경부","","",""
"2017670","의령군(박진교)","35-26-24","128-22-33","환경부","12.9","15.7","18.5"
"2017685","의령군(세간교)","35-26-36","128-21-00","환경부","2.66","3.5","4"
"2018608","함양군(금천리)","35-37-39","127-48-55","한국수자원공사","","0","0"
"2018609","함양군(안의교)","35-37-45","127-48-48","환경부","1.5","2.4","3"
"2018620","함양군(용평리)","35-30-49","127-43-54","한국수자원공사","","0","0"
"2018623","함양군(대웅교)","35-30-54","127-46-54","한국수자원공사","","",""
"2018630","함양군(의탄리)","35-24-06","127-40-58","한국수자원공사","","0","0"
"2018635","함양군(화촌리)","35-27-53","127-47-28","한국수자원공사","4.2","5.1","5.8"
"2018640","산청군(고읍교)","35-29-21","127-49-50","환경부","5.5","6.8","8.1"
"2018645","산청군(경호교)","35-25-05","127-52-28","한국수자원공사","3.76","6.5","8"
"2018650","산청군(수산교)","35-20-15","127-56-24","한국수자원공사","","",""
"2018653","삼가","35-23-06","128-10-17","한국농어촌공사","","",""
"2018655","합천군(소오리)","35-24-49","128-07-03","한국수자원공사","","0","0"
"2018658","손항","35-26-17","127-58-31","한국농어촌공사","","",""
"2018662","산청군(소이교)","35-21-36","128-00-27","환경부","2.2","3.4","4.5"
"2018665","산청군(하정리)","35-19-12","127-59-45","한국수자원공사","","0","0"
"2018670","원지","35-18-00","127-50-00","기타","","",""
"2018673","산청군(원리교)","35-16-36","127-50-10","한국수자원공사","","",""
"2018674","산청군(묵곡교)","35-16-55","127-57-51","환경부","4.4","6.3","8.2"
"2018675","시천","35-16-00","127-50-00","기타","","",""
"2018680","산청군(창촌리)","35-16-12","127-53-33","한국수자원공사","","0","0"
"2018685","하동군(대곡리)","35-10-43","127-55-13","한국수자원공사","","0","0"
"2018688","진주시(덕천교)","--","","환경부","","",""
"2018690","진주시(내평리)","35-09-04","128-01-16","한국수자원공사","","0","0"
"2018692","사천시(검정리)","35-09-08","128-01-45","한국수자원공사","","0","0"
"2018695","진주시(판문동)","35-10-35","128-01-47","한국수자원공사","","",""
"2018698","진주시(남강댐방수로)","35-09-40","128-02-07","한국수자원공사","","0","0"
"2019610","고성군(두문교)","35-05-55","128-11-27","환경부","2.9","3.5","4.1"
"2019615","진주시(장대동)","35-11-25","128-05-12","한국수자원공사","","0","0"
"2019620","함안군(송도교)","35-21-38","128-24-57","환경부","8.6","10.9","13.3"
"2019625","진주시(옥산교)","35-09-48","128-09-23","환경부","5.1","5.9","6.7"
"2019635","진주시(덕오리)","35-14-15","128-08-13","환경부","4.5","5.8","7.1"
"2019640","진주시(월강교)","35-13-21","128-11-56","환경부","3.7","5.4","7.2"
"2019647","진주시(장박교)","35-15-23","128-16-20","환경부","6.3","8.4","10.6"
"2019651","서암","35-21-47","128-14-35","한국농어촌공사","","",""
"2019653","의령군(공단교)","35-19-02","128-16-07","환경부","4.7","5.7","6.8"
"2019655","의령군(정암교)","35-18-48","128-17-43","환경부","4","7","8.5"
"2019660","남지교","35-22-45","128-28-30","기타","","",""
"2019680","함안군(서촌리)","35-19-54","128-24-02","환경부","6","8.3","10.6"
"2019685","함안군(대사교)","35-15-18","128-25-32","환경부","2.3","2.8","3.3"
"2019695","의령군(성산리)","35-23-27","128-25-45","환경부","5.1","7.5","9.9"
"2020603","밀양시(판곡교)","35-30-16","128-39-13","환경부","2.6","3.2","3.8"
"2020605","창녕군(강리)","35-27-27","128-27-45","환경부","2.3","3.4","4.4"
"2020615","함안군(계내리)","35-23-00","128-29-01","환경부","3.6","7","9"
"2020640","함안군(소랑교)","35-22-53","128-31-21","환경부","5.67","10.1","11.9"
"2020646","함안군(창녕함안보하)","35-22-38","128-33-09","환경부","5.8","8.4","10.9"
"2020647","창녕군(창녕함안보상)","35-22-59","128-33-01","환경부","5.5","10.2","11.9"
"2020650","창녕군(청암리)","35-23-44","128-36-03","환경부","11.5","11.7","14.03"
"2020651","밀양시(인교)","35-25-31","128-39-04","환경부","4.8","6.8","8.8"
"2020675","창원시(수산대교)","35-21-55","128-42-51","환경부","5.4","7.6","9.7"
"2020680","김해시(오서교)","35-20-10","128-48-54","환경부","4.5","6","7.5"
"2021610","경주시(의곡교)","35-45-30","129-02-51","환경부","2.3","3","3.7"
"2021612","청도군(신원1교)","35-41-16","128-57-41","한국수자원공사","","",""
"2021620","청도군(운문댐)","35-43-23","128-54-56","한국수자원공사","","",""
"2021625","청도군(임당교)","35-42-26","128-54-55","한국수자원공사","","",""
"2021630","청도군(매전교)","35-40-25","128-52-01","한국수자원공사","4","5","6"
"2021635","경주시(매곡교)","35-40-31","128-47-51","한국수자원공사","","",""
"2021640","청도군(원리)","35-37-11","128-45-46","환경부","2.3","3.2","4.2"
"2021650","양산시(대리)","35-28-45","128-58-50","한국수자원공사","","",""
"2021660","밀양시(밀양댐)","35-28-53","128-56-05","한국수자원공사","","",""
"2021665","밀양시(상동교)","35-33-53","128-45-54","환경부","5","6.3","7.4"
"2021670","밀양시(금곡리)","35-30-32","128-50-21","환경부","4.8","5.5","6"
"2021675","밀양시(용평동)","35-29-39","128-46-45","환경부","1.7","3.5","4.5"
"2021677","밀양시(남천교)","35-29-21","128-44-50","환경부","4.5","5.23","6.2"
"2021680","예림교","35-28-00","128-46-50","기타","","",""
"2021685","밀양시(남포동)","35-27-40","128-47-07","환경부","3.45","7.3","9.5"
"2021690","밀양시(삼상교)","35-24-39","128-47-48","환경부","4.5","7.8","9.9"
"2022610","밀양시(삼랑진교)","35-22-58","128-49-18","환경부","4","5","7"
"2022620","하단","35-06-00","128-58-00","기타","","",""
"2022640","김해시(월촌리)","35-17-22","128-59-39","환경부","3.23","5.5","7"
"2022651","양산시(삼계교)","35-25-19","129-03-48","환경부","","",""
"2022655","양산시(효충교)","35-22-50","129-02-49","환경부","3.4","4.6","5.8"
"2022660","양산시(양산교)","35-21-27","129-02-10","환경부","2.4","3.9","5.1"
"2022662","양산시(어곡1교)","35-22-26","129-01-41","환경부","3.3","4.2","5.2"
"2022670","양산시(호포대교)","35-17-22","129-00-41","환경부","3.25","5.8","7.2"
"2022678","부산시(대동낙동강교)","35-13-30","128-58-34","환경부","4.2","4.6","5"
"2022680","부산시(구포대교)","35-12-13","128-59-36","환경부","2.53","4","5"
"2022685","김해시(정천교)","35-12-20","128-50-01","환경부","3.25","4","4.9"
"2022688","부산시(동서교)","35-11-51","128-55-52","환경부","3.8","4.5","5.2"
"2022690","부산시(강동교)","35-11-31","128-54-20","환경부","6.6","7","7.3"
"2022696","부산시(낙동강하구언(내))","35-06-29","128-57-02","한국수자원공사","","0","0"
"2022697","부산시(낙동강하구언(외))","35-06-24","128-57-02","한국수자원공사","","",""
"2101603","경주시(월산교)","35-44-08","129-12-09","환경부","","",""
"2101610","경주시(망성교)","35-47-17","129-12-02","환경부","2.4","3.4","4.5"
"2101620","경주시(효현교)","35-48-54","129-10-44","환경부","4.3","5.2","6.1"
"2101624","경주시(교촌교)","35-49-44","129-12-53","환경부","3.8","4.9","5.9"
"2101625","경주시(서천교)","35-50-17","129-12-05","환경부","1.7","4.3","5.2"
"2101632","보문","35-50-52","129-16-02","한국농어촌공사","","",""
"2101650","경주시(모아리)","35-55-16","129-14-25","환경부","2.9","4","5.1"
"2101668","경주시(달성교)","36-03-07","129-14-18","환경부","3.6","4","4.4"
"2101672","경주시(안계댐)","36-00-36","129-16-08","한국수자원공사","","",""
"2101675","경주시(강동대교)","35-58-52","129-15-49","환경부","5.29","6.5","7.5"
"2101680","경주시(국당리)","35-59-38","129-17-46","환경부","","0","0"
"2101690","포항시(형산교)","36-00-42","129-22-19","환경부","1.56","2.5","3"
"2201610","울산시(대곡댐)","35-37-14","129-10-25","한국수자원공사","","",""
"2201611","울산시(구수교)","35-32-53","129-09-03","환경부","4","4.9","5.9"
"2201613","울산시(대암교)","35-32-58","129-11-00","한국수자원공사","","",""
"2201614","울산시(왕방교)","35-30-53","129-09-21","한국수자원공사","","",""
"2201615","울산시(대암댐)","35-32-37","129-10-53","한국수자원공사","","",""
"2201617","울산시(반구교)","35-36-32","129-10-14","한국수자원공사","","",""
"2201625","울산시(사연댐)","35-34-47","129-11-41","한국수자원공사","","",""
"2201630","울산시(사연교)","35-34-21","129-12-16","환경부","3","4","5.1"
"2201640","울산시(선바위교)","35-34-41","129-14-07","환경부","3.5","6","7.5"
"2201650","척과","35-34-00","129-15-00","환경부","","",""
"2201653","울산시(구영교)","35-33-41","129-14-55","환경부","","",""
"2201660","울산시(삼호교)","35-33-14","129-16-31","환경부","1.7","4.5","6"
"2201670","울산시(태화교)","35-33-09","129-18-33","환경부","3.5","4.5","5.5"
"2201685","울산시(신답교)","35-37-47","129-20-48","환경부","3.75","4.2","4.8"
"2201690","울산시(병영교)","35-34-36","129-21-07","환경부","3.19","4.4","5.5"
"2301630","울산시(통천교)","35-28-12","129-14-21","환경부","1.4","2","2.7"
"2301640","울산시(선암댐)","35-31-01","129-19-51","한국수자원공사","","",""
"2301650","울산시(동천리)","35-27-48","129-17-05","환경부","4.2","4.8","5.5"
"2301670","울산시(덕신교)","35-26-03","129-18-15","환경부","4.3","6.6","7.5"
"2302635","부산시(회동저수지)","35-14-10","129-07-05","환경부","","",""
"2302640","부산시(동천교)","35-13-03","129-07-06","환경부","3.75","6.4","7.6"
"2302650","부산시(원동교)","35-11-38","129-06-51","환경부","3.3","4.6","5.3"
"2302655","부산시(세병교)","35-11-48","129-04-58","환경부","4","5","6"
"2302660","독산","35-10-00","128-04-00","기타","","",""
"2302661","부산시(좌수영교)","35-10-29","129-07-15","환경부","","",""
"2302690","부산시(다대포)","35-03-42","128-57-20","환경부","","",""
"2302695","부산시(신평동)","35-05-28","128-57-14","한국수자원공사","","0","0"
"2401613","울진군(올미골교)","37-01-51","129-19-31","환경부","2.8","3.5","4.2"
"2401616","울진군(월변교)","36-59-20","129-24-05","환경부","2.5","3.7","4.5"
"2401620","울진군(구산리)","36-57-06","129-22-23","한국수자원공사","","",""
"2401633","영양군(수하3교)","36-49-48","129-16-08","환경부","3.9","4.8","5.8"
"2401650","울진군(수산교)","36-57-57","129-23-53","환경부","4.2","5","6"
"2401690","영덕군(인량교)","36-32-56","129-22-38","환경부","2.9","3.4","4"
"2401691","묘곡","36-31-35","129-21-17","한국농어촌공사","","",""
"2402610","용연","36-07-08","129-18-03","한국농어촌공사","","",""
"2402620","영덕군(대지리)","36-23-35","129-18-27","한국수자원공사","","",""
"2402630","영덕군(영덕대교)","36-24-09","129-22-24","환경부","2.9","3.7","4.5"
"2402680","포항시(곡강교)","36-07-19","129-20-46","환경부","2.5","3.1","3.6"
"2403610","경주시(감포댐)","35-50-07","129-30-38","한국수자원공사","","",""
"2403620","포항시(문덕3교)","35-57-06","129-24-23","환경부","3","3.7","4.5"
"2403625","경주시(구길교)","35-45-01","129-27-56","환경부","","",""
"2501620","판문","35-10-38","128-01-49","한국수자원공사","","0","0"
"2501640","제수문","35-04-49","128-01-58","한국수자원공사","","",""
"2503620","거제시(연초댐)","34-56-11","128-40-08","한국수자원공사","","",""
"2503625","거제시(죽전교)","34-39-58","128-39-18","한국수자원공사","","",""
"2503640","거제시(구천댐)","34-49-21","128-38-09","한국수자원공사","","",""
"2503650","거제시(구천교)","34-48-54","128-38-10","한국수자원공사","","",""
"2504695","명지","35-05-50","128-55-50","기타","","",""
"3001603","대곡","35-42-02","127-37-30","한국농어촌공사","","",""
"3001604","천천","35-42-32","127-30-13","한국농어촌공사","","",""
"3001605","장수군(운곡교)","35-43-17","127-31-51","환경부","1.5","2.5","3.5"
"3001610","장수군(장계제2교)","35-43-49","127-34-59","환경부","1.5","2","2.5"
"3001615","천천","35-47-09","127-31-48","한국수자원공사","","",""
"3001620","장수군(연화교)","35-47-19","127-31-38","한국수자원공사","","",""
"3001630","진안군(송대교)","35-48-17","127-27-10","한국수자원공사","","",""
"3001640","진안군(성산리)","35-49-59","127-32-41","한국수자원공사","","",""
"3001660","진안군(석정교)","35-51-16","127-26-24","한국수자원공사","","",""
"3001680","주천","35-58-03","127-25-58","한국수자원공사","","",""
"3001690","진안군(용담댐)","35-56-36","127-31-40","한국수자원공사","","",""
"3001695","진안군(용담댐방수로)","35-56-44","127-31-33","한국수자원공사","","",""
"3002630","진안군(신용담교)","35-57-06","127-31-31","한국수자원공사","","",""
"3002650","진안군(감동교)","35-58-15","127-32-05","환경부","2.4","4.8","6.2"
"3002655","무주군(대티교)","35-59-38","127-34-39","환경부","1.5","4.2","5.4"
"3003617","무주군(하두교)","35-59-25","127-47-33","환경부","3","4","4.5"
"3003620","무주군(신촌농2교)","36-00-20","127-47-43","환경부","1.7","3","3.7"
"3003660","무주군(여의교)","36-02-09","127-42-42","환경부","2.5","4.1","5.2"
"3003675","무주군(산성교)","35-59-14","127-41-45","환경부","2.7","3","4"
"3003680","무주군(취수장)","36-00-32","127-40-26","환경부","1.3","3","4"
"3003692","무주군(무명교)","35-59-09","127-38-21","환경부","2.7","3.3","3.8"
"3003694","무주군(서면교)","36-00-11","127-37-28","환경부","3.1","4.2","5.4"
"3004610","수통","36-02-48","127-35-52","환경부","","",""
"3004620","금산군(적벽교)","36-02-56","127-35-37","한국수자원공사","","",""
"3004637","금산군(황풍교)","36-04-54","127-30-27","환경부","2","2.4","2.8"
"3004640","금산군(제원대교)","36-06-40","127-34-02","환경부","2.5","5","6"
"3004645","금산군(음대교)","36-01-48","127-30-08","환경부","1.5","2.5","3"
"3004650","영동군(호탄리)","36-07-55","127-39-00","한국수자원공사","","",""
"3004680","영동군(영산교)","36-10-44","127-46-21","환경부","1.6","3.5","4"
"3004685","영동군(초강교)","36-12-40","127-42-57","환경부","2.6","4.5","5.5"
"3004690","영동군(양강교)","36-12-43","127-42-28","환경부","3.2","5","6"
"3005620","강창2","36-16-00","128-20-00","기타","","",""
"3005670","영동군(금상교)","36-13-31","127-54-37","환경부","1.6","3","4"
"3005675","영동군(백화교)","36-15-35","127-53-48","환경부","2.6","3.5","4.5"
"3005680","영동군(율리)","36-13-47","127-48-18","한국수자원공사","","",""
"3005681","송천","36-13-25","127-48-19","기타","","",""
"3005690","영동군(심천교)","36-13-50","127-43-18","환경부","1.7","4","5.2"
"3006650","이원","36-14-15","127-40-17","환경부","","",""
"3006675","옥천","36-16-00","127-39-00","기타","","",""
"3006680","옥천군(이원대교)","36-14-22","127-40-04","한국수자원공사","3.2","6.4","7.9"
"3006690","옥천군((구)금강2교)","36-17-22","127-38-43","환경부","4.7","9.4","12.4"
"3007606","두평","36-32-17","127-41-39","한국수자원공사","","",""
"3007610","보은군(산성교)","36-31-13","127-43-06","환경부","1.4","2.3","2.8"
"3007612","산성교(지)","36-31-03","127-43-14","기타","","",""
"3007620","보은군(이평교)","36-29-22","127-43-21","환경부","1.4","2.5","3.5"
"3007622","이평교(지)","36-29-12","127-43-30","기타","","",""
"3007626","보청","36-28-38","127-40-29","한국농어촌공사","","",""
"3007637","비룡","36-29-20","127-50-21","한국농어촌공사","","",""
"3007640","보은군(탄부교)","36-26-14","127-48-42","환경부","1.7","2.7","3.4"
"3007642","탄부교(지)","36-26-04","127-48-51","기타","","",""
"3007645","보은군(대양교)","36-25-15","127-47-53","환경부","4","5.1","5.8"
"3007650","보은군(기대교)","36-24-57","127-49-15","환경부","2.6","4.7","5.9"
"3007652","기대교(지)","36-24-42","127-49-25","기타","","",""
"3007655","옥천군(대성1교)","36-22-13","127-49-03","한국수자원공사","","",""
"3007660","옥천군(산계교)","36-19-02","127-45-29","환경부","3.1","4","5.5"
"3007662","산계교(지)","36-18-52","127-45-38","기타","","",""
"3007670","옥천군(산계리)","36-18-50","127-44-07","한국수자원공사","","",""
"3008605","금산군(원당교)","36-13-26","127-30-10","환경부","3.1","3.5","3.9"
"3008630","옥천군(옥각교)","36-19-03","127-33-18","환경부","1.8","3.4","4.4"
"3008670","금산군(제원교)","36-06-42","127-33-10","환경부","2.8","4.5","5.5"
"3008680","대전시(대청조정지댐)","36-26-59","127-27-08","한국수자원공사","","",""
"3008685","청주시(대청댐방수로)","36-28-39","127-28-47","한국수자원공사","","",""
"3008690","청주시(대청댐)","36-28-43","127-28-50","한국수자원공사","","",""
"3008695","대전시(금강1교)","36-27-17","127-25-00","환경부","2.3","5.2","6.7"
"3009608","논산시(부엉골교)","36-11-50","127-16-50","환경부","1.1","1.7","2.2"
"3009617","금산군(백암교)","36-11-34","127-23-16","환경부","2.2","2.9","3.5"
"3009620","금산군(문암교)","36-13-30","127-22-40","환경부","2","2.5","3.5"
"3009630","대전시(복수교)","36-17-57","127-23-04","환경부","1.8","2.7","3.2"
"3009640","대전시(인창교)","36-19-25","127-26-04","환경부","2.1","3","3.8"
"3009645","대전시(철갑교)","36-20-06","127-26-17","환경부","1.5","2.3","2.8"
"3009650","대전시(용촌교)","36-14-51","127-18-58","환경부","2","2.5","3.1"
"3009655","대전시(두계교)","36-15-59","127-16-44","환경부","2.1","3","4"
"3009665","대전시(가수원교)","36-18-24","127-21-32","환경부","2.8","3.1","3.6"
"3009670","대전시(만년교)","36-21-06","127-20-59","환경부","2.5","3.5","4.5"
"3009673","대전시(한밭대교)","36-21-25","127-24-11","환경부","3","3.8","4.8"
"3009675","대전시(대덕대교)","36-22-24","127-22-47","환경부","1","2.7","3.6"
"3009680","대전시(원촌교)","36-22-42","127-24-36","환경부","2.7","4","4.5"
"3009693","대전시(신구교)","36-26-14","127-23-36","환경부","3.65","5","6.4"
"3009698","대전시(봉산동)","36-27-05","127-23-40","환경부","3.5","6","7.9"
"3010620","세종시(노호리)","36-29-34","127-23-44","환경부","3.9","5.8","7.7"
"3010660","세종시(명학리)","36-31-12","127-21-27","환경부","2.7","6.8","9"
"3011607","맹동","36-53-47","127-34-11","한국농어촌공사","","",""
"3011612","백곡","36-52-07","127-24-33","한국농어촌공사","","",""
"3011613","진천군(지곡교)","36-53-04","127-22-35","환경부","1.6","2.3","3"
"3011615","진천군(신정교)","36-51-18","127-27-44","환경부","1.1","1.8","2.3"
"3011617","진천군(금곡교)","36-50-48","127-31-54","환경부","1.2","2.3","3"
"3011620","진천군(가산교)","36-52-35","127-28-38","환경부","2","3.9","4.5"
"3011623","진천군(인산리)","36-51-57","127-30-20","환경부","2.6","4","5.5"
"3011624","진천군(오갑교)","36-50-44","127-30-12","환경부","3.2","4.8","5.8"
"3011625","증평군(반탄교)","36-47-02","127-34-20","환경부","1.8","2.5","3.5"
"3011627","미호","36-49-01","127-29-53","한국농어촌공사","","",""
"3011628","진천군(화산교)","36-48-52","127-29-38","환경부","3","4.5","7.1"
"3011630","청주시(여암교)","36-46-19","127-30-35","환경부","3.3","4.3","4.8"
"3011631","증평군(석곡교)","36-48-51","127-37-38","환경부","1.7","2.5","3.3"
"3011633","청주시(복현교)","36-44-53","127-25-16","환경부","1.2","1.6","2"
"3011635","청주시(팔결교)","36-42-51","127-28-32","환경부","4","5","6"
"3011641","청주시(노동교)","36-33-07","127-31-56","환경부","1.7","2.5","3.1"
"3011643","청주시(용평교)","36-36-42","127-29-50","환경부","1.75","3.2","4"
"3011645","청주시(흥덕교)","36-38-48","127-28-53","환경부","1.6","4","5"
"3011647","천안시(연춘교)","36-46-12","127-15-15","환경부","2.2","2.6","3.3"
"3011650","천안시(장산교)","36-44-25","127-17-49","환경부","2.5","3.5","4.5"
"3011652","청주시(서당교)","36-43-18","127-33-24","환경부","1.3","1.9","2.6"
"3011653","청주시(성산2교)","36-43-56","127-24-21","환경부","2.1","2.6","3.2"
"3011657","오창","36-44-03","127-24-29","한국농어촌공사","","",""
"3011660","청주시(환희교)","36-40-28","127-21-42","환경부","2.1","3.4","4.4"
"3011663","청주시(향정동)","36-38-54","127-25-16","환경부","1.8","3.1","3.9"
"3011665","청주시(미호천교)","36-37-23","127-21-02","환경부","5","7","8"
"3011668","세종시(송성2교)","36-39-45","127-12-54","환경부","2.2","3","3.8"
"3011675","세종시(상조천교)","36-38-10","127-17-16","환경부","1.7","2.6","3.4"
"3011685","세종시(미호교)","36-34-57","127-18-59","환경부","3.3","4.5","5.5"
"3011686","용암","36-36-35","127-14-52","한국농어촌공사","","",""
"3011687","세종시(월암교)","36-34-15","127-17-18","환경부","3.3","4.5","5.5"
"3011695","세종시(월산교)","36-31-32","127-19-09","환경부","5","7","8.5"
"3012602","세종시(햇무리교)","36-29-57","127-17-57","환경부","8.1","8.5","11"
"3012603","세종시(국곡교)","36-25-38","127-16-36","환경부","2","2.7","3.3"
"3012604","나성","36-28-48","127-16-27","한국수자원공사","","",""
"3012605","세종시(금남교)","36-28-40","127-16-15","환경부","4.5","8.3","11"
"3012606","세종보(상)","36-28-39","127-16-15","기타","","",""
"3012607","세종시(도암교)","36-26-48","127-17-06","환경부","1.5","2.5","3.3"
"3012608","세종시(세종보하)","36-28-10","127-15-30","환경부","15","17.7","20.9"
"3012609","세종시(산봉교)","36-28-40","127-14-22","환경부","2.7","3.3","4.4"
"3012611","중흥","36-34-05","127-10-30","한국농어촌공사","","",""
"3012612","공주시(마암리)","36-26-06","127-12-32","환경부","6","8.9","11.7"
"3012620","공주시(금강교)","36-28-02","127-07-29","환경부","6.2","9","11"
"3012625","공주시(오인교)","36-31-39","127-07-37","환경부","2.5","3","4"
"3012630","공주시(평소리)","36-30-58","126-59-12","한국수자원공사","","",""
"3012633","공주시(공주보상)","36-27-54","127-05-55","환경부","13","14","15.9"
"3012634","공주시(공주보하)","36-27-39","127-05-46","환경부","8","12.2","14.9"
"3012635","공주시(국재교)","36-28-56","127-02-35","환경부","3.4","5","6"
"3012637","공주시(장원교)","36-34-26","127-16-36","환경부","1.8","2.6","3.4"
"3012650","청양군(신흥리)","36-23-52","127-01-22","환경부","8","8.4","11"
"3012655","청양군(지천교)","36-25-43","126-47-27","환경부","1.4","2.6","3.3"
"3012662","청양군(백제보상)","36-19-41","126-57-15","환경부","7","9.1","11.3"
"3012664","부여군(백제보하)","36-18-58","126-56-08","환경부","4.7","8.4","10.8"
"3012665","부여군(지천교)","36-19-34","126-51-32","환경부","3.8","5.5","6.5"
"3012674","부여군(송학교)","36-13-18","126-48-05","환경부","2.9","5","7"
"3012675","부여군(백제교)","36-16-33","126-53-30","환경부","4.5","7.5","9"
"3012680","부여군(석동교)","36-14-51","126-53-03","환경부","4.7","6","8"
"3012681","논산시(석성천교)","36-14-08","127-01-56","환경부","3.6","5.2","6.5"
"3012685","부여군(반조원리)","36-11-47","126-58-34","환경부","5.2","6.5","8.1"
"3012690","논산시(동성교)","36-12-36","127-00-24","환경부","4.1","6","8"
"3013603","완주군(엄목1교)","36-06-15","127-15-38","환경부","1.7","2.7","3.7"
"3013605","논산시(인천교)","36-08-13","127-14-09","환경부","2.5","2.8","3.8"
"3013630","논산시(주곡교)","36-16-52","127-08-42","환경부","3.1","4.5","5.9"
"3013650","탑정","36-10-32","127-09-00","한국농어촌공사","","",""
"3013652","탑정2","36-10-25","127-09-04","한국농어촌공사","","",""
"3013665","논산시(풋개다리)","36-14-01","127-07-48","환경부","3.5","4.5","5.5"
"3013668","논산시(아호교)","36-12-41","127-06-44","환경부","3.6","5.6","7.1"
"3013670","논산시(논산대교)","36-12-35","127-04-49","환경부","3.4","6","7.5"
"3013685","논산시(제내교)","36-08-38","127-02-15","환경부","3.5","6.5","8"
"3014610","논산시(황산대교)","36-09-14","127-00-26","환경부","5.4","7","8"
"3014650","부여군(입포리)","36-08-06","126-53-00","환경부","2.9","4.4","5.6"
"3014656","덕용","36-08-26","126-49-37","한국농어촌공사","","",""
"3014670","서천군(옥포리)","36-02-10","126-46-53","환경부","4","4.6","5.3"
"3014680","서천군(북원교)","36-04-28","126-43-51","환경부","1.7","4.4","5.5"
"3014690","금강하구둑(내)","36-00-49","126-45-06","한국농어촌공사","","",""
"3014695","금강하구둑(외)","36-00-35","126-45-29","한국농어촌공사","","",""
"3101603","신대교","36-34-10","126-47-07","한국농어촌공사","","",""
"3101604","예산군(은사교)","36-33-38","126-46-43","환경부","1.5","2.5","3.5"
"3101605","광시","--","","한국농어촌공사","","",""
"3101613","예산군(서계양교)","36-36-23","126-51-36","환경부","2.1","2.7","3.7"
"3101614","배약교","36-36-42","126-50-56","한국농어촌공사","","",""
"3101615","무봉","36-37-00","126-50-00","한국농어촌공사","","",""
"3101620","대흥","36-38-00","126-48-00","한국농어촌공사","","",""
"3101622","예당 간선","36-38-52","126-48-27","한국농어촌공사","","",""
"3101625","예산군(예산대교)","36-41-03","126-49-15","환경부","2","4","5"
"3101627","청양군(강정교)","36-31-12","126-46-10","환경부","2.1","2.9","3.6"
"3101630","예산군(신례원교)","36-43-59","126-49-48","환경부","3.8","4.6","5.7"
"3101635","홍성군(삽교천교)","36-35-33","126-41-08","환경부","2.7","3.2","4"
"3101638","예산군(신리교)","36-41-17","126-40-15","환경부","1.3","2","2.5"
"3101639","예산군(산정교)","36-38-16","126-52-46","환경부","2.3","2.7","3.3"
"3101640","예산군(충의대교)","36-41-12","126-43-50","환경부","3.5","5","6"
"3101645","예산군(구만교)","36-44-10","126-45-16","환경부","3.3","5.5","7"
"3101650","당진시(구양교)","36-46-27","126-48-54","환경부","3.5","5.3","6.4"
"3101652","예산군(죽천1교)","36-35-53","126-51-35","환경부","2","2.7","3.5"
"3101655","천안시(신흥교)","36-42-10","127-06-50","환경부","2.5","3.3","3.9"
"3101660","천안시(가송교)","36-44-06","127-08-37","환경부","1.6","2.3","2.8"
"3101665","남관","36-45-01","127-07-58","안전행정부","","",""
"3101667","천안시(눈들교)","36-47-23","126-51-36","환경부","2.5","3.2","3.8"
"3101670","아산시(휴대교)","36-46-51","127-06-49","환경부","2.7","3.7","4.7"
"3101672","아산시(덕지리)","36-49-51","127-05-02","환경부","1.8","3.1","3.9"
"3101673","아산시(새터교)","36-48-29","127-04-58","환경부","2","3","3.9"
"3101675","아산시(한내다리)","36-47-25","127-03-14","환경부","4.1","4.5","5.5"
"3101679","궁평","36-43-19","126-59-37","한국농어촌공사","","",""
"3101680","궁평","36-43-17","126-59-46","한국농어촌공사","","",""
"3101683","아산시(온천교)","36-46-29","127-01-56","환경부","2.4","3.3","4.2"
"3101685","아산시(충무교)","36-47-52","127-00-30","환경부","3.1","4","5"
"3101690","아산시(강청교)","36-49-18","126-56-01","환경부","3.5","3.9","5"
"3101693","당진시(신촌리)","36-50-52","126-49-39","환경부","4.3","4.8","5.7"
"3101695","삽교호","36-53-16","126-49-46","한국농어촌공사","","",""
"3101696","당진시(북창교)","36-51-08","126-45-41","환경부","3.5","4.5","5.5"
"3102623","예당","37-54-00","126-30-00","한국농어촌공사","","",""
"3201675","삽교호 내수위","36-53-28","126-49-24","한국농어촌공사","","",""
"3201680","고풍","36-47-28","126-35-43","한국농어촌공사","","",""
"3201690","당진시(채운교)","36-54-18","126-36-52","환경부","4.3","4.5","6"
"3203620","보령시(동대교)","36-20-48","126-35-55","환경부","1.8","3.1","3.8"
"3203629","청천","36-22-48","126-37-34","한국농어촌공사","","",""
"3203630","청천","36-22-46","126-37-32","한국농어촌공사","","",""
"3203640","보령시(보령댐)","36-14-59","126-38-55","한국수자원공사","","",""
"3203645","보령시(보령댐방수로)","36-14-58","126-38-44","한국수자원공사","","",""
"3203652","보령시(노천교)","36-13-52","126-35-38","환경부","1.7","3.8","4.8"
"3203655","대창","- -","- -  -","한국수자원공사","","",""
"3203660","서부","36-07-14","126-41-29","한국농어촌공사","","",""
"3203690","군산시(신미장교)","35-57-50","126-43-22","환경부","","4.3","4.7"
"3301605","동상","35-57-11","127-16-27","한국농어촌공사","","",""
"3301610","대아","35-58-57","127-15-47","한국농어촌공사","","",""
"3301611","대아","35-58-52","127-15-39","한국농어촌공사","","",""
"3301612","완주군(대아저수지)","35-58-54","127-15-39","환경부","","",""
"3301615","신흥천","36-00-15","127-16-10","한국수자원공사","","",""
"3301618","경천","36-01-21","127-14-02","한국농어촌공사","","",""
"3301619","완주군(경천저수지)","36-01-21","127-14-29","환경부","","",""
"3301620","경천","36-01-16","127-14-20","한국농어촌공사","","",""
"3301623","완주군(마안교)","36-00-29","127-14-27","환경부","","2.4","3"
"3301625","완주군(오성교)","35-58-24","127-12-54","환경부","1.6","2.3","3"
"3301630","완주군(용봉교)","35-56-31","127-10-15","환경부","1.2","3","4"
"3301632","소양천","35-49-54","127-16-56","한국수자원공사","","",""
"3301635","완주군(소양용연교)","35-51-40","127-14-33","환경부","1","2.4","3.1"
"3301637","전주시(안덕교)","35-50-22","127-10-01","환경부","","",""
"3301640","완주군(제2소양교)","35-52-41","127-09-19","환경부","2.7","4","4.8"
"3301645","완주군(하리교)","35-53-50","127-05-56","환경부","4.7","5.6","6.4"
"3301647","전주시(진밭들교)","35-46-32","127-06-10","환경부","","",""
"3301650","구이","35-44-26","127-07-35","한국농어촌공사","","",""
"3301651","구이","35-44-23","127-07-29","한국농어촌공사","","",""
"3301652","전주시(신평교)","35-46-20","127-07-01","환경부","","2.4","3"
"3301653","전주시(삼천교)","35-46-48","127-06-40","환경부","","",""
"3301654","전주시(세내교)","35-47-33","127-06-44","환경부","3.1","4","5"
"3301655","전주시(서곡교)","35-50-11","127-06-20","환경부","2.1","3","3.9"
"3301656","전주시(효자2교)","35-48-03","127-05-47","환경부","","",""
"3301657","전주시(서천교)","35-48-44","127-08-29","환경부","2.3","4","5"
"3301660","색장","35-47-56","127-11-15","기타","","",""
"3301662","전주시(은석교)","35-47-49","127-11-39","환경부","1.8","2.7","3.4"
"3301665","전주시(미산교)","35-52-46","127-05-51","환경부","1.8","3.5","4.5"
"3301670","완주군(삼례교)","35-53-54","127-04-16","환경부","4","6","7"
"3301673","전주시(파철다리)","35-52-00","127-03-54","환경부","","",""
"3301675","익산시(인수교)","35-55-23","127-02-04","환경부","2.9","4.4","5.8"
"3301680","익산시(임상교)","35-58-37","126-58-43","환경부","","5.5","6.4"
"3301685","익산시(만경교)","35-54-49","126-55-55","환경부","5.9","6","7.7"
"3301688","군산시(원두교)","35-55-31","126-51-23","환경부","","3.9","4.4"
"3301690","김제시(만경대교)","35-54-39","126-50-18","환경부","","4.4","5.6"
"3302605","칠보","35-35-35","127-00-42","한국수자원공사","","",""
"3302610","수청","35-33-24","126-57-03","한국농어촌공사","","",""
"3302611","수청","35-33-22","126-56-57","한국농어촌공사","","",""
"3302615","정읍시(행정교)","35-36-57","126-58-42","환경부","1.1","2.3","3.1"
"3302617","정읍시(종산리)","35-35-32","127-05-43","한국수자원공사","","0","0"
"3302620","정읍시(거산교)","35-38-55","126-55-38","환경부","4.4","5.5","6.5"
"3302630","정읍시(정우교)","35-40-37","126-53-21","환경부","4.5","5.5","6.5"
"3302635","내장","35-31-03","126-53-45","한국농어촌공사","","",""
"3302640","부전","35-31-52","126-54-43","한국농어촌공사","","",""
"3302643","정읍시(상동교)","35-33-17","126-52-09","환경부","1.6","2.9","3.6"
"3302645","정읍시(죽림교)","35-34-04","126-50-37","환경부","2","3.2","4"
"3302650","용산","35-30-42","126-51-16","한국농어촌공사","","",""
"3302652","정읍시(상평교)","35-33-42","126-49-24","환경부","","2.9","3.8"
"3302653","정읍시(정읍교)","35-35-10","126-49-45","환경부","2.1","3.8","4.7"
"3302654","정읍시(망담교)","35-37-43","126-52-17","환경부","1.4","2.3","3.1"
"3302655","정읍시(정읍천대교)","35-38-19","126-51-52","환경부","","4.6","5.8"
"3302657","정읍시(풍월교)","35-38-44","126-44-57","환경부","","4","5"
"3302658","정읍시(초강리)","35-38-40","126-51-46","환경부","3.5","5.5","6.5"
"3302660","정읍시(양전교)","35-44-50","126-54-27","환경부","2.9","4.1","5.3"
"3302661","금평","35-43-05","127-00-49","한국농어촌공사","","",""
"3302665","김제시(군포교)","35-43-04","126-49-03","환경부","4.7","5","5.9"
"3302675","부안군(평교)","35-42-20","126-46-57","환경부","","4.5","4.8"
"3302680","김제시(용동교)","35-47-20","126-54-20","환경부","1.5","3.5","4.6"
"3302685","김제시(죽산교)","35-46-00","126-48-44","환경부","","5.9","6.4"
"3302690","동진대교","35-45-27","126-46-38","한국농어촌공사","","",""
"3303110","부안댐","35-40-43","126-34-18","한국수자원공사","","0","0"
"3303660","부안군(거석교)","35-39-21","126-36-47","한국수자원공사","","",""
"3303670","부안댐","35-40-30","126-33-36","한국수자원공사","","",""
"4001605","진안군(마령교)","35-43-47","127-21-55","환경부","","",""
"4001610","진안군(좌포교)","35-44-12","127-19-06","환경부","2","4","4.7"
"4001617","임실군(무등제1교)","35-36-26","127-16-25","환경부","","",""
"4001620","임실군(호암교)","35-39-19","127-14-27","한국수자원공사","","",""
"4001628","임실군(임운교)","35-36-40","127-12-17","한국수자원공사","","",""
"4001660","순창군(운암교)","35-30-13","127-00-50","한국수자원공사","","",""
"4002605","임실군(섬진강댐)","35-32-27","127-06-35","한국수자원공사","","",""
"4002610","임실군(회문리)","35-31-18","127-08-16","한국수자원공사","","",""
"4002620","임실군(강동교)","35-31-40","127-09-37","환경부","2.7","3","3.7"
"4002640","임실군(일중리)","35-29-47","127-08-60","환경부","2.2","4.5","5.5"
"4002690","순창군(평남리)","35-25-25","127-12-57","환경부","3.1","5","6.3"
"4003615","장남","35-33-43","127-25-03","한국농어촌공사","","",""
"4003630","임실군(오수교)","35-32-30","127-19-29","환경부","","2.6","3.4"
"4003650","임실군(신기교)","35-30-28","127-19-29","환경부","2.2","3.5","4.5"
"4003690","순창군(현포리)","35-26-22","127-14-43","환경부","2.9","4","5.1"
"4004615","순창군(유적교)","35-23-34","127-12-33","환경부","3","6.4","7.3"
"4004630","순창군(옥천교)","35-22-29","127-08-00","환경부","2.4","3.1","4.1"
"4004640","순창군(유풍교)","35-21-33","127-11-04","환경부","2.1","4.6","5.9"
"4004650","곡성군(합강교)","35-19-19","127-10-50","환경부","2.1","4.4","5.7"
"4004660","남원시(신덕리)","35-19-53","127-12-59","환경부","3.7","6.8","8.4"
"4004680","곡성군(용두교)","35-16-17","127-08-07","환경부","2.4","2.9","3.4"
"4004690","곡성군(금곡교)","35-18-41","127-17-45","환경부","3.5","6.5","7.4"
"4005620","장남","35-33-31","126-46-48","한국농어촌공사","","",""
"4005624","용림","35-36-32","127-33-06","한국농어촌공사","","",""
"4005627","장수군(동화저수지)","35-32-44","127-32-19","환경부","","",""
"4005628","동화","35-32-45","127-32-17","한국농어촌공사","","",""
"4005630","동화","35-32-38","127-32-06","한국농어촌공사","","",""
"4005645","남원시(월석교)","35-29-52","127-30-52","환경부","2.3","4","5"
"4005660","남원시(요천교)","35-27-19","127-26-10","환경부","2.2","2.7","3.5"
"4005670","남원시(동림교)","35-24-31","127-23-29","환경부","2.5","4.3","5.3"
"4005690","남원시(요천대교)","35-19-08","127-18-41","환경부","3.7","4.7","5.6"
"4006660","곡성군(고달교)","35-17-41","127-19-47","환경부","","6.1","7.8"
"4006667","곡성군(충의교)","35-16-41","127-17-52","환경부","1.3","2.3","3.2"
"4006680","곡성군(예성교)","35-11-55","127-22-27","환경부","3.8","9.6","12.4"
"4007610","보성군(두슬교)","34-45-50","127-05-44","환경부","","",""
"4007615","죽동교","34-47-34","127-00-05","한국수력원자력","","",""
"4007616","보성군(돈다교)","34-47-31","127-01-49","환경부","","4.7","5.8"
"4007618","보성교","34-46-14","127-05-40","한국수력원자력","","",""
"4007620","광곡교","34-47-42","127-04-25","한국수력원자력","","",""
"4007623","보성강댐","34-47-02","127-09-14","한국수력원자력","","",""
"4007625","보성군(보성강댐)","34-48-19","127-08-42","한국수자원공사","","",""
"4007630","보성군(가장교)","34-49-51","127-08-52","한국수자원공사","","",""
"4007660","화순군(동복댐)","35-04-57","127-06-09","한국수자원공사","","",""
"4007661","화순군(만수교)","35-04-42","127-06-10","환경부","2.1","3.8","4.9"
"4007670","화순군(용리교)","35-01-36","127-06-49","한국수자원공사","","",""
"4007695","순천시(주암댐)","35-03-42","127-14-13","한국수자원공사","","",""
"4007697","순천시(상이읍교)","34-57-50","127-15-55","한국수자원공사","","",""
"4008603","곡성군(압록3교)","35-11-20","127-22-16","한국수자원공사","","",""
"4008650","순천시(광천교)","35-04-33","127-14-13","한국수자원공사","","",""
"4008655","곡성군(목사동2교)","35-07-36","127-15-32","한국수자원공사","","",""
"4008660","곡성군(목사동1교)","35-07-40","127-17-56","환경부","","4.8","6.3"
"4008661","동상","35-07-05","127-16-27","한국농어촌공사","","",""
"4008670","곡성군(태안교)","35-09-37","127-20-48","환경부","4.5","5.5","7"
"4009601","순천시(괴목3교)","35-06-12","127-25-52","환경부","","",""
"4009608","순천시(용서교)","35-08-58","127-27-48","환경부","2.7","5","6"
"4009610","구례군(구례교)","35-09-56","127-27-15","환경부","4.4","7","8"
"4009618","구례군(문척교)","35-11-47","127-28-28","환경부","4.4","5.7","8.1"
"4009622","구례군(광용교)","35-15-29","127-26-29","환경부","1.5","3.2","4"
"4009625","구례군(서시교)","35-12-40","127-28-29","환경부","","5.7","7.4"
"4009628","효곡","35-07-56","127-32-20","한국농어촌공사","","",""
"4009630","구례군(송정리)","35-11-32","127-33-31","환경부","9","14.5","17"
"4009638","하동군(가탄교)","35-12-01","127-37-58","환경부","2","3.8","4.9"
"4009640","광양시(남도대교)","35-10-51","127-37-34","환경부","7.3","9","11.6"
"4009650","광양시(고사리)","35-08-06","127-41-09","환경부","","7.5","9.6"
"4009665","하동군(읍내리)","35-03-60","127-44-25","환경부","10","12","13"
"4009668","하동","35-09-49","127-47-05","한국농어촌공사","","",""
"4009670","하동군(대석교)","35-03-33","127-47-01","환경부","2.2","4","5"
"4104603","순천시(송전교)","35-00-17","127-22-53","한국수자원공사","","",""
"4104610","순천시(노동교)","34-57-14","127-22-43","한국수자원공사","","",""
"4104620","순천시(주암조절지댐)","34-56-45","127-25-12","한국수자원공사","","",""
"4104625","순천시(주암조절지방수로)","34-56-43","127-25-32","한국수자원공사","","",""
"4104640","순천시(죽평교)","34-59-55","127-29-21","환경부","","5","5.6"
"4104655","순천시(주암조절지조정지댐)","34-56-48","127-26-20","한국수자원공사","","",""
"4104665","순천시(노디목교)","34-56-26","127-27-12","환경부","1.3","2.3","3"
"4104680","순천시(동천교)","34-55-49","127-30-10","환경부","2.4","3.3","4.1"
"4104685","순천시(연동교)","34-55-00","127-29-15","환경부","2.3","3.2","3.8"
"4105210","수어댐","35-01-46","127-43-14","한국수자원공사","","0","0"
"4105610","광양시(신황교)","35-03-12","127-41-19","한국수자원공사","","",""
"4105630","광양시(서산교)","34-58-04","127-34-48","환경부","1.7","2.8","3.8"
"4105640","광양시(용강교)","34-58-29","127-36-07","환경부","1.8","2.7","3.4"
"4105660","수어댐","35-01-57","127-43-00","한국수자원공사","","",""
"4105665","광양시(지원교)","35-00-45","127-43-32","한국수자원공사","","0","0"
"4105670","광양시(수어천교)","34-59-07","127-43-00","한국수자원공사","","0","0"
"4105694","여수시(연등5교)","34-45-21","127-43-21","환경부","","4.8","5.5"
"5001610","담양군(담양댐)","35-22-24","127-00-50","환경부","","",""
"5001615","담양군(금월교)","35-19-58","127-01-00","환경부","1.9","2.1","2.8"
"5001616","담양군(중방4교)","35-20-29","126-56-44","한국수자원공사","","",""
"5001617","담양군(월계교)","35-20-59","126-58-23","한국수자원공사","","",""
"5001618","담양군(장천교)","35-20-52","126-59-23","한국수자원공사","","",""
"5001620","담양군(덕용교)","35-17-22","127-02-21","환경부","","3","3.8"
"5001625","담양군(삼지교)","35-16-14","126-56-09","환경부","1.3","3.3","4.3"
"5001627","담양군(양지교)","35-15-22","126-56-37","환경부","2.2","4","5"
"5001630","담양군(광주댐)","35-11-60","126-59-22","환경부","","",""
"5001632","광주광역시(도촌교)","35-13-06","126-48-43","환경부","","",""
"5001640","광주광역시(용산교)","35-14-26","126-53-19","환경부","1.8","2.6","3.6"
"5001645","광주광역시(첨단대교)","35-13-03","126-51-25","환경부","2.2","4","5.2"
"5001650","광주광역시(유촌교)","35-10-01","126-51-24","환경부","3.3","4","5"
"5001655","광주광역시(풍영정천2교)","35-10-18","126-48-53","환경부","2.7","4.4","5.3"
"5001660","광주광역시(어등대교)","35-09-36","126-49-23","환경부","3.7","4.7","5.9"
"5001669","광주광역시(우제교)","35-07-53","126-56-33","환경부","","",""
"5001670","광주광역시(설월교)","35-07-46","126-55-39","환경부","1.9","2.8","3.5"
"5001673","광주광역시(천교)","35-09-04","126-54-26","환경부","1.5","2.6","3.5"
"5001676","광주광역시(신운교)","35-10-07","126-53-27","환경부","","",""
"5001680","광주광역시(극락교)","35-08-09","126-49-33","환경부","4.7","7.5","8.5"
"5001682","광주광역시(벽진동)","35-07-48","126-50-42","환경부","","",""
"5002201","평림댐","35-18-14","126-40-15","한국수자원공사","","0","0"
"5002610","장성군(용동교)","35-24-16","126-53-27","환경부","","2.5","3.2"
"5002620","장성군(장성댐)","35-21-34","126-49-10","환경부","","",""
"5002630","장성군(개천교)","35-22-58","126-47-60","환경부","","",""
"5002643","장성군(금계리)","35-19-10","126-46-34","환경부","1.3","3","4"
"5002650","장성군(제2황룡교)","35-17-27","126-46-12","환경부","2.9","3.5","4.5"
"5002660","광주광역시(용진교)","35-12-55","126-44-48","환경부","2.9","4.3","5.3"
"5002666","장성군(수양저수지)","35-13-43","126-40-45","환경부","","",""
"5002667","수양(함동)","35-13-44","126-40-45","한국농어촌공사","","",""
"5002670","장성군(죽탄교)","35-15-10","126-41-59","한국수자원공사","","",""
"5002673","장성군(수산리)","35-18-31","126-39-57","한국수자원공사","","",""
"5002677","광주광역시(평림교)","35-09-55","126-41-24","환경부","2.3","3.5","4.2"
"5002680","장성군(평림댐)","35-16-56","126-41-03","한국수자원공사","","",""
"5002690","광주광역시(장록교)","35-08-03","126-47-06","환경부","3.5","6","7"
"5003604","화순군(세청교)","34-53-25","126-59-13","한국수자원공사","","",""
"5003605","화순군(용두교)","34-56-25","126-58-58","환경부","2.2","2.7","3.5"
"5003606","화순군(한지교)","34-54-37","126-58-51","한국수자원공사","","",""
"5003607","화순군(구입교)","34-55-56","126-59-13","한국수자원공사","","",""
"5003610","화순군(능주교)","34-59-49","126-57-37","환경부","2.5","2.9","3.4"
"5003612","화순군(신기리2)","35-04-04","126-59-24","환경부","","",""
"5003613","화순군(삼천교)","35-03-04","126-59-09","환경부","","5.3","6"
"5003615","화순군(주도교)","35-01-58","126-56-51","환경부","1.5","3","3.8"
"5003620","화순군(신성교)","35-00-13","126-53-46","환경부","2.9","4.3","5.7"
"5003640","나주시(나주댐)","34-57-50","126-50-40","환경부","","",""
"5003650","나주시(우산교)","34-59-00","126-52-57","환경부","1.8","2.8","3.5"
"5003680","나주시(남평교)","35-02-58","126-50-43","환경부","3.5","5","6"
"5004620","광주광역시(승용교)","35-04-16","126-46-20","환경부","4.3","5.9","7.3"
"5004630","승촌보(하류)","35-03-48","126-45-35","환경부","","9.2","11.5"
"5004650","나주시(나주대교)","35-02-14","126-43-56","환경부","7.5","11","12"
"5004655","나주시(동곡리)","34-58-03","126-42-58","환경부","2.8","4","5"
"5004670","나주시(영산교)","34-59-56","126-42-17","환경부","8.3","11.5","13.3"
"5004690","나주시(회진리)","34-59-56","126-40-16","환경부","9.1","10.7","12.2"
"5004696","죽산보","34-58-19","126-38-08","환경부","3.8","5.6","7"
"5004698","죽산보(하류)","34-58-10","126-37-24","환경부","2.7","4.4","6.3"
"5005650","함평군(나산교)","35-06-42","126-36-43","환경부","2.5","3.5","4.4"
"5005680","함평군(원고막교)","35-02-07","126-35-28","환경부","3.2","5","6"
"5006610","함평군(동강교)","34-59-03","126-32-44","환경부","8.7","9.9","11.3"
"5006617","함평군(대동저수지)","--","","환경부","","",""
"5006620","함평군(영수교)","35-03-58","126-31-22","환경부","2.5","3.4","4.4"
"5006621","대동","35-07-05","126-30-38","한국농어촌공사","","",""
"5006630","함평군(학야교)","35-01-07","126-31-42","환경부","3.4","4.8","5.9"
"5006670","무안군(몽탄대교)","34-54-15","126-31-18","환경부","7.9","8","8.9"
"5007630","영암군(대신교)","34-48-35","126-42-28","환경부","","4.9","5.8"
"5007640","영암군(해창교)","34-49-15","126-38-59","환경부","","4.1","5"
"5008670","무안군(남창5교)","34-48-31","126-28-47","환경부","","4.9","5.4"
"5008690","하구언(내)","34-47-10","126-26-57","환경부","-0.2","0.4","1"
"5008695","하구언(외)","34-47-10","126-26-57","환경부","","",""
"5101620","장흥군(동산교)","34-48-59","126-53-26","한국수자원공사","","",""
"5101631","장흥군(장흥댐)","34-45-02","126-53-07","한국수자원공사","","",""
"5101650","장흥군(별천교)","34-43-53","126-54-22","환경부","3.6","3.8","4.6"
"5101670","장흥군(예양교)","34-40-29","126-54-11","환경부","2.5","3.5","4.5"
"5101675","장흥군(감천교)","34-39-44","126-53-12","환경부","2.3","4","5"
"5101680","강진군(풍동리)","34-38-59","126-52-14","한국수자원공사","","",""
"5101690","강진군(석교교)","34-38-11","126-48-58","환경부","4.7","5.4","6.8"
"5201640","진도군(남천1교)","34-28-47","126-15-33","환경부","","4.5","5.3"
"5202670","해남군(남외교)","34-34-09","126-35-35","환경부","","3.9","4.5"
"5301635","고창군(모양교)","35-26-02","126-42-18","환경부","","4.1","4.8"
"5301660","고창군(부정교)","35-28-21","126-37-24","환경부","1.8","4","4.8"
"5301690","고창군(용선교)","35-31-46","126-35-42","환경부","","5.5","5.9"
"5302620","영광군(반와교)","35-18-59","126-30-26","환경부","","2.7","3.5"
"5302640","불갑","35-13-31","126-30-31","한국농어촌공사","","",""
"5302660","영광군(외간교)","35-14-56","126-27-58","환경부","4","4.4","5.6"
"6001650","제주시(개롱이교)","33-26-12","126-18-03","환경부","2.4","3.5","4.5"
"6002670","제주시(제2동산교)","33-29-45","126-30-43","환경부","2.6","3.8","4.9"
"6003620","서귀포시(개끄리민교)","33-14-38","126-20-31","환경부","2.4","3.7","4.9"
"6004670","서귀포시(평화교)","33-20-33","126-50-48","환경부","1.7","2.6","3.5"
"8000001","대아저수지","--","","환경부","","",""
"8000002","경천저수지","--","","환경부","","",""
"8000005","수양저수지","--","","환경부","","",""
"8000007","금평저수지","--","","환경부","","",""
"8888888","화순군(동복댐하)","--","","환경부","","",""
"9000307","고산정수장","--","","한국수자원공사","","",""
"9870001","곡성군(청계동교)","--","","환경부","","",""
"9870002","임실군(물우교)","--","","환경부","","",""
